{"x1":3.0532800503,"x2":4.3711668084,"y":-1.8160814722}
{"x1":3.3213517794,"x2":2.2064556461,"y":0.8694419056}
{"x1":1.6672715215,"x2":7.3135367715,"y":3.604154434}
{"x1":1.9332349558,"x2":8.6460930891,"y":3.3652690378}
{"x1":0.0058404102,"x2":1.1381824625,"y":0.96901641}
{"x1":7.0230426674,"x2":6.4683612675,"y":2.25492344}
{"x1":5.1554597285,"x2":0.1275495447,"y":-2.0058871261}
{"x1":0.146922285,"x2":9.2161849899,"y":0.6847814185}
{"x1":5.5796573475,"x2":7.1292093814,"y":0.4708498756}
{"x1":5.8274156222,"x2":2.1242869366,"y":0.177349599}
{"x1":3.9203339865,"x2":1.4199088108,"y":-0.2126483414}
{"x1":3.576817583,"x2":1.1610725366,"y":0.1909673135}
{"x1":5.8088068462,"x2":8.551132329,"y":1.1410141426}
{"x1":8.9461522154,"x2":4.4926731059,"y":-0.6910966318}
{"x1":4.3459507698,"x2":7.4046476312,"y":0.5047474131}
{"x1":1.2905814862,"x2":1.4495065608,"y":2.2868372533}
{"x1":4.9370313824,"x2":8.7683872392,"y":-0.3590404759}
{"x1":3.3666297349,"x2":2.4782666863,"y":0.5599005818}
{"x1":4.8365551327,"x2":9.9495244294,"y":-3.7625632278}
{"x1":1.8377422354,"x2":1.3096580517,"y":2.4132222803}
{"x1":5.1399665085,"x2":4.150745388,"y":-3.7874084691}
{"x1":9.444965641,"x2":7.3370406748,"y":2.2927276555}
{"x1":6.3123859726,"x2":1.5641526488,"y":1.3239879594}
{"x1":4.6616987414,"x2":0.9626823143,"y":-1.3510558701}
{"x1":3.1183481674,"x2":1.0264282138,"y":0.9077284382}
{"x1":8.050205035,"x2":5.0648028987,"y":0.6706401137}
{"x1":4.9786522805,"x2":7.5534076838,"y":0.4724683076}
{"x1":9.6639614843,"x2":0.5313822332,"y":-0.367095978}
{"x1":4.6346488539,"x2":5.9030736852,"y":-3.0477706042}
{"x1":0.7586388347,"x2":8.5346851444,"y":2.8695121376}
{"x1":5.9100660467,"x2":5.9679455719,"y":-1.6435946819}
{"x1":4.2375310802,"x2":0.7119440093,"y":-1.2795271287}
{"x1":9.4123837351,"x2":6.5693442601,"y":0.7615013279}
{"x1":4.9483501842,"x2":6.1393634217,"y":-2.5179792001}
{"x1":9.2931603084,"x2":9.4625321322,"y":0.2839659509}
{"x1":6.9029747045,"x2":7.6137849665,"y":4.2062254543}
{"x1":1.8025494919,"x2":6.2558492914,"y":1.238333225}
{"x1":1.4202702483,"x2":9.1353224587,"y":2.0409797541}
{"x1":0.9542511235,"x2":1.5589414084,"y":2.0454876741}
{"x1":3.1495765958,"x2":5.2161595255,"y":-2.0143293594}
{"x1":0.9341726468,"x2":3.1050480622,"y":0.8415722955}
{"x1":4.8286327792,"x2":3.2209430228,"y":-2.3248459102}
{"x1":8.8468314999,"x2":5.4193782899,"y":-0.145084223}
{"x1":8.9071767855,"x2":6.6478266571,"y":2.3961883326}
{"x1":4.6894739735,"x2":5.0075629668,"y":-4.30592967}
{"x1":1.9749976117,"x2":7.0016790792,"y":3.0338775353}
{"x1":7.329643923,"x2":1.3904630216,"y":3.503674311}
{"x1":9.836984063,"x2":8.7092074806,"y":0.679547841}
{"x1":5.0567751156,"x2":1.6276857689,"y":-0.842944722}
{"x1":2.8693817797,"x2":0.9541103794,"y":1.2522926869}
