{"x1":1.0158720884,"x2":9.5468683828,"x3":2.9224202826,"x4":7.5929815091,"x5":2.3041108885,"y":4.6420190596}
{"x1":2.9628717199,"x2":5.3406125932,"x3":0.7762122426,"x4":9.8310631679,"x5":8.4877132391,"y":0.1620120883}
{"x1":9.7605507179,"x2":7.2851000668,"x3":6.1227600201,"x4":2.0287574891,"x5":5.5845477368,"y":0.6069660216}
{"x1":7.9199892166,"x2":3.6419447245,"x3":3.4286265356,"x4":0.3227471345,"x5":3.4258153125,"y":1.0295561441}
{"x1":2.3845588196,"x2":2.1535297903,"x3":9.3626241499,"x4":4.277084356,"x5":4.6868519279,"y":-1.5635847698}
{"x1":1.7030754949,"x2":6.4992850677,"x3":6.2266672129,"x4":8.9801501045,"x5":8.7738445772,"y":4.7830479208}
{"x1":1.2245162639,"x2":3.6198403373,"x3":1.4563580344,"x4":9.543410856,"x5":4.1337861472,"y":-0.7036734392}
{"x1":7.5531425958,"x2":8.2621191985,"x3":5.4584489506,"x4":5.009188406,"x5":6.1535390363,"y":1.086460025}
{"x1":6.6055845105,"x2":9.5496274645,"x3":3.4584519303,"x4":4.6601362762,"x5":5.2474505892,"y":-4.2762959493}
{"x1":8.8462160729,"x2":8.9901051792,"x3":1.9016903097,"x4":3.0347471106,"x5":4.1966477827,"y":2.5969086579}
{"x1":0.8145080744,"x2":1.580451473,"x3":7.363791482,"x4":4.5656783126,"x5":9.5193379471,"y":1.9025469343}
{"x1":7.1985283882,"x2":1.0942841849,"x3":3.6001341304,"x4":7.2212530923,"x5":1.47952527,"y":5.5950219089}
{"x1":7.8757461802,"x2":7.5605798403,"x3":3.5776379068,"x4":6.4409564135,"x5":1.1312529565,"y":6.0002350257}
{"x1":4.020401275,"x2":9.1138611952,"x3":0.4580951117,"x4":8.3266170326,"x5":7.7494708257,"y":5.0168654365}
{"x1":5.4021218034,"x2":0.0173760037,"x3":7.6059568603,"x4":6.9046653837,"x5":4.295544323,"y":0.5176621569}
{"x1":1.5443783411,"x2":6.9313565553,"x3":1.6444031091,"x4":0.7362979902,"x5":1.174485959,"y":5.6866143877}
{"x1":6.0063963945,"x2":7.3575022059,"x3":9.1314692747,"x4":7.2648642429,"x5":0.3106540652,"y":5.0002996121}
{"x1":3.9280570394,"x2":0.907404311,"x3":7.5393878655,"x4":9.8094242051,"x5":1.9079240644,"y":2.0869470599}
{"x1":3.1107006277,"x2":1.2545392775,"x3":1.4104770072,"x4":9.5924666704,"x5":2.9898100716,"y":2.0359071728}
{"x1":7.9710345517,"x2":1.7370085134,"x3":0.3858467146,"x4":3.512921046,"x5":7.9847570799,"y":6.4590608592}
{"x1":8.0530231724,"x2":0.0354526353,"x3":1.3714736063,"x4":6.2084108636,"x5":8.8085945299,"y":5.4654429663}
{"x1":6.2101896469,"x2":0.5293084705,"x3":6.2211408519,"x4":8.6938406972,"x5":6.0089437977,"y":1.3354481228}
{"x1":1.2045608479,"x2":1.8623566041,"x3":0.4027944707,"x4":4.4301872292,"x5":2.9455987962,"y":0.8932930178}
{"x1":3.1137422967,"x2":9.6147205678,"x3":1.8177905794,"x4":5.5226435214,"x5":2.6458165778,"y":-0.0750699667}
{"x1":7.8681649231,"x2":4.6940044295,"x3":8.4812448657,"x4":5.2435201667,"x5":8.6494120326,"y":3.0806321774}
{"x1":3.8371763521,"x2":0.6088682499,"x3":4.036648675,"x4":9.3570677049,"x5":9.9912143744,"y":-3.8659064704}
{"x1":1.9628250542,"x2":8.997897212,"x3":1.628063749,"x4":9.3329928394,"x5":1.6585464815,"y":5.3734420281}
{"x1":7.2818809268,"x2":9.6872769188,"x3":7.1755611802,"x4":6.1922098355,"x5":6.3851642977,"y":3.5778719023}
{"x1":5.357442657,"x2":4.1419551804,"x3":2.6065492199,"x4":5.3064194614,"x5":8.0736075524,"y":-1.8750777384}
{"x1":1.0411161547,"x2":9.4234563154,"x3":0.294037071,"x4":5.4621305583,"x5":6.3308175561,"y":-0.5489110043}
{"x1":7.3970721054,"x2":7.7503596381,"x3":0.5752935702,"x4":5.9746827905,"x5":9.9614540722,"y":3.2665825679}
{"x1":7.6564678816,"x2":4.650063673,"x3":0.9237993545,"x4":4.1517167957,"x5":3.454166826,"y":-0.9692209177}
{"x1":0.1368415377,"x2":3.3131044726,"x3":1.4316992956,"x4":7.1789882168,"x5":3.82986407,"y":1.7734998646}
{"x1":0.4210441944,"x2":2.3633631349,"x3":7.6788316622,"x4":2.652523649,"x5":8.5022860326,"y":7.1625252929}
{"x1":9.9607861419,"x2":9.1043432324,"x3":7.2354537045,"x4":3.3723945065,"x5":8.0450181454,"y":3.894783218}
{"x1":9.0467528317,"x2":5.8994481716,"x3":7.6518019101,"x4":0.3743264463,"x5":3.9516273062,"y":1.6945047496}
{"x1":0.9768934826,"x2":7.7233852562,"x3":0.4680762377,"x4":1.4730940144,"x5":1.975090317,"y":6.3832379085}
{"x1":7.8210586682,"x2":7.0396590519,"x3":0.8945634563,"x4":9.4166002346,"x5":0.0544692073,"y":5.3916524664}
{"x1":7.6227958871,"x2":6.9705593147,"x3":1.056055021,"x4":4.8513608471,"x5":2.4409239024,"y":4.0831357539}
{"x1":8.8041840255,"x2":1.3601451662,"x3":3.0682121629,"x4":7.542321717,"x5":1.5922765449,"y":6.8699554737}
{"x1":5.0059980483,"x2":6.4408507928,"x3":0.2052071024,"x4":6.939900828,"x5":4.1067883685,"y":-1.708665476}
{"x1":8.6419043921,"x2":9.5334266451,"x3":0.05623779,"x4":0.2785106132,"x5":3.9757881737,"y":0.4200248682}
{"x1":5.4291942594,"x2":2.4336535614,"x3":2.166459156,"x4":9.5600328649,"x5":8.2608547391,"y":2.6987794597}
{"x1":7.0926032384,"x2":5.6692979564,"x3":5.2885095534,"x4":0.8812829767,"x5":7.0830817175,"y":1.2610848672}
{"x1":3.1592682278,"x2":8.6579044716,"x3":1.8155457081,"x4":9.0508212369,"x5":9.5036269789,"y":4.1737374631}
{"x1":0.4773779607,"x2":3.9640340484,"x3":8.4301794124,"x4":3.7335332553,"x5":2.0396056207,"y":1.4890412568}
{"x1":0.3963521046,"x2":0.0378295595,"x3":1.9549802006,"x4":1.9734545812,"x5":0.7066850286,"y":3.384976361}
{"x1":5.9772255027,"x2":8.5106531332,"x3":5.1678170771,"x4":2.4604446546,"x5":7.4235401854,"y":2.9964016406}
{"x1":4.9052451017,"x2":1.0198012289,"x3":3.4881776315,"x4":3.1089299545,"x5":5.6695788268,"y":-3.2612404336}
{"x1":0.7915854163,"x2":5.7951819387,"x3":7.6001775776,"x4":6.6885316896,"x5":4.2729615384,"y":1.3219358246}
