{"x1":1.5227614544,"x2":0.5897906963,"x3":4.4513581589,"x4":4.7550464622,"x5":8.6900309115,"x6":5.4102819815,"x7":0.6107750228,"x8":1.6919516147,"x9":2.2802377452,"x10":4.8731559052,"y":-1.6570993132}
{"x1":9.7560074387,"x2":2.693731774,"x3":6.1069741988,"x4":9.1854952725,"x5":2.7808794057,"x6":9.116052537,"x7":2.4102805374,"x8":7.2599092731,"x9":9.0234148394,"x10":5.2656338374,"y":3.9767956246}
{"x1":2.4192687403,"x2":2.1562845189,"x3":6.369391302,"x4":3.7892680114,"x5":3.4875914931,"x6":1.8514520905,"x7":3.6957052262,"x8":2.8464531475,"x9":4.3260152032,"x10":8.4893097955,"y":1.8668479045}
{"x1":7.8944563692,"x2":7.2538082293,"x3":8.1769039542,"x4":2.2962995501,"x5":9.2144117157,"x6":7.8487610461,"x7":4.4009301257,"x8":5.6796923611,"x9":8.6926579923,"x10":7.9303852521,"y":13.7401236781}
{"x1":8.6878563221,"x2":3.4406064387,"x3":0.2149287337,"x4":2.423801633,"x5":7.4832115174,"x6":6.9413721753,"x7":9.9918242803,"x8":3.7563557207,"x9":3.1881001978,"x10":3.709669976,"y":2.7834478521}
{"x1":9.7093204074,"x2":8.2968580037,"x3":3.2771282458,"x4":7.9436136756,"x5":7.700607014,"x6":4.6486496378,"x7":4.6883988371,"x8":4.1773789974,"x9":1.1201571657,"x10":8.8808109838,"y":3.4531611839}
{"x1":1.59186022,"x2":0.6137746735,"x3":4.0689769065,"x4":4.5732535071,"x5":2.0655436068,"x6":0.9915860941,"x7":4.3116825637,"x8":5.4127370543,"x9":5.6409013836,"x10":2.965916569,"y":-4.7334361336}
{"x1":4.9440535698,"x2":6.8524464786,"x3":4.9250990667,"x4":6.2809913783,"x5":8.7245725213,"x6":3.3662318393,"x7":6.9348937187,"x8":3.9956828889,"x9":7.5051299655,"x10":6.277325957,"y":1.2167451334}
{"x1":6.8108160418,"x2":0.3306940395,"x3":0.5363955854,"x4":9.5512505315,"x5":8.4838102107,"x6":4.6764084503,"x7":8.9107559862,"x8":8.7707790628,"x9":6.0035217264,"x10":5.9046339464,"y":3.372931341}
{"x1":3.117247236,"x2":4.7296075309,"x3":6.9387368739,"x4":1.165734331,"x5":1.2754771012,"x6":4.1982190771,"x7":9.5881166046,"x8":2.136328271,"x9":9.0389995912,"x10":5.5624020233,"y":0.0683518656}
{"x1":8.032213164,"x2":2.3510561131,"x3":9.9041702088,"x4":3.2516484497,"x5":2.1869207235,"x6":5.4456828806,"x7":8.8235549786,"x8":4.8873214286,"x9":5.3838155945,"x10":2.7283641312,"y":0.0523778421}
{"x1":1.9494199293,"x2":2.4102681729,"x3":3.0713831956,"x4":5.6890529189,"x5":6.3216014461,"x6":3.2010630613,"x7":4.8494710029,"x8":7.3756149444,"x9":5.2745601119,"x10":3.9955306273,"y":-2.1084810651}
{"x1":3.8781947088,"x2":4.8556552391,"x3":7.62503597,"x4":4.3554871619,"x5":4.9090317643,"x6":9.632972851,"x7":7.5869545345,"x8":9.7583014796,"x9":8.2156016873,"x10":7.2459272623,"y":0.9398790199}
{"x1":7.6343436187,"x2":3.4951026701,"x3":9.7418177162,"x4":7.5326700578,"x5":0.1050771844,"x6":1.0437109455,"x7":7.3217228513,"x8":0.4813995468,"x9":6.4630718967,"x10":7.5895187864,"y":10.364252112}
{"x1":2.0542046248,"x2":8.907893517,"x3":9.4928437851,"x4":7.4191084064,"x5":2.6830764477,"x6":0.656884479,"x7":1.4228745963,"x8":1.4374773056,"x9":2.3850584142,"x10":9.8446696821,"y":8.3737022575}
{"x1":9.6987329534,"x2":3.9256470766,"x3":8.7841148746,"x4":8.8375277493,"x5":8.1505761957,"x6":5.1761564884,"x7":5.5152665859,"x8":3.5379907663,"x9":1.0365619859,"x10":7.0960362321,"y":2.3257903406}
{"x1":5.345401873,"x2":3.2657115356,"x3":1.0607886256,"x4":7.9479891497,"x5":9.666182514,"x6":3.7089428339,"x7":3.309772557,"x8":3.2804887534,"x9":4.8416537813,"x10":7.6842237453,"y":-0.1654703853}
{"x1":8.7749829429,"x2":3.8251294392,"x3":5.366666037,"x4":9.8529243947,"x5":1.4792959022,"x6":5.069147143,"x7":8.4848987712,"x8":8.5013238718,"x9":7.8284176302,"x10":5.7897967359,"y":2.8524515301}
{"x1":0.0189794248,"x2":6.3495691082,"x3":7.2120352331,"x4":7.7443402139,"x5":2.1735916795,"x6":1.8459521159,"x7":8.1121043038,"x8":3.3424827908,"x9":6.1140731835,"x10":7.7538367556,"y":12.3523224337}
{"x1":0.6000190504,"x2":6.6614703503,"x3":4.8284030214,"x4":4.8166327405,"x5":9.7166503663,"x6":7.2980846711,"x7":0.5947739086,"x8":8.0830927045,"x9":0.563520451,"x10":1.8253313579,"y":3.3324516388}
{"x1":4.6995940345,"x2":8.8698855634,"x3":4.2697149001,"x4":2.198288409,"x5":5.1544495695,"x6":8.6480569207,"x7":5.6170238465,"x8":1.7107732123,"x9":6.0491811755,"x10":4.3476754597,"y":-3.9440114704}
{"x1":7.5059082434,"x2":5.8246705019,"x3":4.988994605,"x4":3.1501330811,"x5":4.3673526368,"x6":2.7147674374,"x7":4.2035643527,"x8":3.5501516567,"x9":9.5749182291,"x10":1.4075652124,"y":-3.7725367211}
{"x1":6.3248344126,"x2":5.5511490824,"x3":5.6250219489,"x4":8.4514599436,"x5":3.5824580504,"x6":1.9074957436,"x7":8.9827633908,"x8":7.9147174059,"x9":8.1418968219,"x10":1.4736124748,"y":8.0129641639}
{"x1":0.9986541748,"x2":2.8410170909,"x3":2.6564053099,"x4":8.4302909461,"x5":2.3488520662,"x6":0.0004475135,"x7":3.4065816041,"x8":4.6846798292,"x9":5.0646573616,"x10":9.5546988359,"y":0.4657864144}
{"x1":8.1952985531,"x2":4.6885248499,"x3":2.3739214488,"x4":4.5983058597,"x5":3.7606102728,"x6":9.1277895771,"x7":5.6729731671,"x8":0.0184840119,"x9":7.3537864143,"x10":1.2948129314,"y":1.3434585107}
{"x1":8.5311551538,"x2":2.7335497241,"x3":5.3280568108,"x4":2.0298902736,"x5":2.1438023984,"x6":2.3115831259,"x7":8.1859302474,"x8":4.2896768548,"x9":0.0936176577,"x10":2.9060651494,"y":5.9199146628}
{"x1":0.1301629686,"x2":3.6932255534,"x3":9.6390977154,"x4":8.3385353255,"x5":2.1138429936,"x6":9.7497121318,"x7":7.5956991978,"x8":2.4709744496,"x9":7.347581856,"x10":8.9762902398,"y":8.4935635301}
{"x1":2.4848754769,"x2":9.5330707134,"x3":6.1978267994,"x4":1.3762573772,"x5":3.8373341594,"x6":1.1008010008,"x7":3.5167155622,"x8":2.9679277276,"x9":2.1139241181,"x10":2.5233177077,"y":3.0233519444}
{"x1":1.6391207596,"x2":1.9984882814,"x3":4.3148782285,"x4":8.7514279201,"x5":9.3036088575,"x6":3.5159127523,"x7":4.7950457186,"x8":7.4761095337,"x9":4.2646724754,"x10":7.537802895,"y":3.2831790233}
{"x1":1.5751253825,"x2":7.7316531225,"x3":9.4158889868,"x4":0.2356400037,"x5":0.6912121208,"x6":4.8572650478,"x7":1.9330135988,"x8":1.4573108586,"x9":3.3921253091,"x10":7.9060707252,"y":7.3554862165}
{"x1":2.3734913476,"x2":2.0893498718,"x3":4.0826744689,"x4":6.7747485338,"x5":9.0230420865,"x6":9.5541851487,"x7":1.8594761896,"x8":2.6424801055,"x9":1.3660229564,"x10":5.1647591534,"y":3.8826255218}
{"x1":3.687923712,"x2":2.7936817322,"x3":5.1026608859,"x4":6.5871449415,"x5":0.4028107712,"x6":5.1654226983,"x7":7.8876222973,"x8":8.9412911505,"x9":5.4013430081,"x10":4.7143120301,"y":-3.3117516635}
{"x1":0.13406603,"x2":0.7959977056,"x3":4.4196365919,"x4":8.7362354385,"x5":7.2280771504,"x6":7.0793385523,"x7":1.037177188,"x8":2.3603703385,"x9":9.4567259296,"x10":3.5964429636,"y":5.6593613589}
{"x1":4.6468484098,"x2":4.342698429,"x3":1.7892991927,"x4":1.0235418817,"x5":1.1706028316,"x6":6.5276104379,"x7":1.3895321124,"x8":4.4661791059,"x9":9.5596640568,"x10":2.0323176611,"y":-0.3390917296}
{"x1":0.1671247181,"x2":3.5685574754,"x3":3.8154760428,"x4":9.8174309642,"x5":2.4018609898,"x6":5.8529014709,"x7":8.9141033331,"x8":1.0268519871,"x9":4.843493974,"x10":8.8262691009,"y":-1.2782655277}
{"x1":0.5988241223,"x2":9.377582115,"x3":3.6728631534,"x4":9.9670452949,"x5":7.6288334161,"x6":8.8107884314,"x7":5.1187248936,"x8":5.898646486,"x9":3.6997388457,"x10":2.2454233202,"y":-0.4549215834}
{"x1":8.6413647473,"x2":4.304510197,"x3":1.0286576034,"x4":9.570607284,"x5":0.4514525314,"x6":8.9755344263,"x7":1.3405838671,"x8":4.9984112707,"x9":2.7447156982,"x10":3.3560474219,"y":1.4163549705}
{"x1":3.9704010634,"x2":1.8253595692,"x3":0.7106040081,"x4":9.2573803398,"x5":7.9010509799,"x6":6.409996781,"x7":1.1328738217,"x8":1.7770232093,"x9":0.9935770568,"x10":9.7820082975,"y":6.033859882}
{"x1":8.928699827,"x2":7.9904075934,"x3":7.6341961358,"x4":9.4409550469,"x5":6.4240279165,"x6":4.1332152692,"x7":7.6153889183,"x8":6.5102892091,"x9":0.9492416762,"x10":4.923754363,"y":7.4023142492}
{"x1":3.5091690336,"x2":2.7188051696,"x3":5.0057408542,"x4":4.0665692945,"x5":6.772346315,"x6":5.4450027519,"x7":4.2378527967,"x8":6.5477549805,"x9":3.643433767,"x10":9.2368722529,"y":-5.7732685296}
{"x1":4.6016714148,