{"x1":9.5656584386,"x2":2.6274961035,"x3":8.4990486783,"x4":9.3052120589,"x5":7.4089543882,"x6":6.0536238593,"x7":9.0665192327,"x8":6.898159155,"x9":9.8159968065,"x10":8.9918886477,"x11":0.8137201624,"x12":6.2013550053,"x13":4.9592981734,"x14":6.390436266,"x15":3.5591753452,"x16":0.2336016649,"x17":4.4227644757,"x18":1.7186953351,"x19":9.3861295107,"x20":7.6834925231,"y":7.6288930889}
{"x1":1.8814568958,"x2":0.6681839401,"x3":9.9723546484,"x4":1.5490618833,"x5":3.4135531439,"x6":8.5317364004,"x7":1.5272111996,"x8":8.3663366241,"x9":4.5061228245,"x10":8.6420768586,"x11":6.2128372221,"x12":0.2251244014,"x13":2.9012600699,"x14":1.1704880877,"x15":9.970443529,"x16":6.6347510974,"x17":1.8444652373,"x18":2.1196656958,"x19":3.9865708592,"x20":8.3779849691,"y":11.0858541998}
{"x1":5.4788159418,"x2":1.1839636733,"x3":0.0467082658,"x4":8.1596395606,"x5":1.7733843304,"x6":7.0424251055,"x7":8.1978760216,"x8":5.2396560085,"x9":8.9682258549,"x10":7.2698731177,"x11":2.4372165229,"x12":8.2906335834,"x13":3.4646246882,"x14":0.774073702,"x15":7.3208848817,"x16":7.084410163,"x17":1.8176879226,"x18":6.6943165475,"x19":4.6070942284,"x20":1.7719285505,"y":18.8710838596}
{"x1":6.6777671785,"x2":7.0637052246,"x3":9.957911778,"x4":3.7643165312,"x5":5.2302417749,"x6":0.6075566441,"x7":7.2772151657,"x8":9.7714771257,"x9":5.7465932054,"x10":5.9483523964,"x11":0.7247712461,"x12":4.4494357851,"x13":8.3351540648,"x14":6.9526637751,"x15":5.7929019824,"x16":5.8794209049,"x17":3.5431155509,"x18":9.6727847116,"x19":7.6106302287,"x20":0.5591872112,"y":-0.0296848229}
{"x1":0.4649098252,"x2":9.4438350432,"x3":0.1365637989,"x4":8.8493593424,"x5":8.6475375716,"x6":0.6216999322,"x7":6.7004940758,"x8":0.6793133446,"x9":7.4030604826,"x10":8.9853031503,"x11":1.1112857783,"x12":4.042553158,"x13":2.1525580937,"x14":2.9884061638,"x15":7.6376714173,"x16":3.5550395496,"x17":0.1268272323,"x18":1.5871875909,"x19":5.014755722,"x20":9.0098976172,"y":12.9058358184}
{"x1":1.0240708017,"x2":2.3941625388,"x3":8.0703720998,"x4":6.3454678964,"x5":9.6596779846,"x6":7.076017062,"x7":2.6967500747,"x8":9.9180826563,"x9":4.3476266765,"x10":2.3761091767,"x11":1.5378182378,"x12":0.772100307,"x13":7.1499184628,"x14":7.2106363134,"x15":0.96548196,"x16":8.338097057,"x17":4.782317668,"x18":4.5766662179,"x19":9.3216557587,"x20":9.9107494253,"y":8.3001393928}
{"x1":0.3411929521,"x2":2.7489070827,"x3":0.646733216,"x4":7.8927066785,"x5":5.3142276462,"x6":1.373062235,"x7":1.6670737927,"x8":1.7324822429,"x9":9.1845552504,"x10":5.9678419264,"x11":9.7123114601,"x12":7.7557421044,"x13":7.3732663248,"x14":4.8203202352,"x15":9.6113812553,"x16":6.3972819519,"x17":0.7373235408,"x18":4.5175634393,"x19":4.0972348756,"x20":9.915420047,"y":3.0987479661}
{"x1":6.592273538,"x2":8.5649196851,"x3":4.5456243576,"x4":2.1774172867,"x5":4.8260741842,"x6":4.6776771173,"x7":6.1619794959,"x8":6.1264990393,"x9":3.16331914,"x10":6.8173892358,"x11":5.478335373,"x12":2.0250643294,"x13":0.3842148238,"x14":7.6645972126,"x15":2.7526953556,"x16":1.9888098396,"x17":3.7097143157,"x18":6.2048049725,"x19":2.0668265395,"x20":5.057107044,"y":0.7463280897}
{"x1":5.0189532162,"x2":4.1754008149,"x3":2.9091258096,"x4":0.0062570347,"x5":3.0211212676,"x6":2.9081856067,"x7":7.7024934462,"x8":1.4096965628,"x9":0.6462589059,"x10":5.7182185752,"x11":8.3584435884,"x12":3.5764094044,"x13":9.553508729,"x14":4.286655029,"x15":6.9233908979,"x16":1.2983439781,"x17":9.1658213997,"x18":5.2380318055,"x19":7.5717957463,"x20":6.3145301163,"y":3.8627725121}
{"x1":8.0114697448,"x2":2.4220395736,"x3":0.7782315342,"x4":3.7464109259,"x5":8.655143766,"x6":9.768363976,"x7":7.2073917501,"x8":9.9503674332,"x9":0.1568584047,"x10":8.0602872,"x11":9.7679166883,"x12":1.3656895963,"x13":8.2987595309,"x14":2.5809156934,"x15":7.7146022034,"x16":0.3849030178,"x17":7.1463311113,"x18":9.2299219637,"x19":5.8741787576,"x20":0.3089326606,"y":16.0906653106}
{"x1":7.958405739,"x2":6.6016704539,"x3":5.2680669015,"x4":2.2924779267,"x5":7.7881015822,"x6":0.8194363979,"x7":0.9229877071,"x8":6.2083491631,"x9":1.3028963895,"x10":2.1693937588,"x11":3.1486884161,"x12":9.4763211005,"x13":9.5022197143,"x14":1.2381054359,"x15":0.2600774452,"x16":2.0663193538,"x17":2.8717506185,"x18":6.1243935888,"x19":7.2110259705,"x20":0.7454474802,"y":13.9734041218}
{"x1":8.7845081817,"x2":9.2679491193,"x3":1.3744950738,"x4":1.1469189156,"x5":4.0521546499,"x6":8.054745692,"x7":7.0504138185,"x8":0.0233090207,"x9":1.6289759647,"x10":9.5643998422,"x11":4.9672531267,"x12":4.7092811775,"x13":3.7197642807,"x14":5.6275547496,"x15":0.2201959868,"x16":9.2252699781,"x17":1.9471730214,"x18":5.9240608608,"x19":5.9669407963,"x20":9.1420664516,"y":2.6571929453}
{"x1":4.7988631866,"x2":2.8749828125,"x3":8.2728701362,"x4":9.6954257415,"x5":3.0860838156,"x6":8.414948483,"x7":4.8086918311,"x8":0.313297768,"x9":7.6714119548,"x10":8.2214620154,"x11":4.2208845633,"x12":4.3746854611,"x13":7.609439605,"x14":2.4526054247,"x15":5.5802850399,"x16":3.3257169877,"x17":9.6957986461,"x18":6.6817630167,"x19":4.900395662,"x20":5.9403589105,"y":1.2045747036}
{"x1":8.1038155761,"x2":7.5812317282,"x3":9.3814775674,"x4":2.0729060323,"x5":6.0254137855,"x6":1.1580567808,"x7":3.5482396228,"x8":8.6587600863,"x9":4.8217128675,"x10":8.1693005205,"x11":5.7554556319,"x12":0.9505045059,"x13":6.6032744188,"x14":2.9293515125,"x15":7.9805497594,"x16":6.097383551,"x17":1.9849828558,"x18":2.9894503072,"x19":3.3669311345,"x20":7.2985899962,"y":15.5319718148}
{"x1":7.16597174,"x2":9.9534537271,"x3":1.1209718846,"x4":4.8931916711,"x5":7.1206051683,"x6":9.1130592641,"x7":2.206791449,"x8":0.5827390158,"x9":1.735787671,"x10":7.0728873664,"x11":8.161921026,"x12":9.0521925873,"x13":5.0877771118,"x14":4.0152953013,"x15":3.7136655115,"x16":0.829358298,"x17":5.5651160568,"x18":3.2368790317,"x19":5.4678176685,"x20":6.5960298048,"y":4.1418915966}
{"x1":6.4196324843,"x2":4.8121630848,"x3":4.5814413047,"x4":9.4051757875,"x5":8.995114551,"x6":0.1027312737,"x7":7.7848225342,"x8":8.8338494278,"x9":2.2081818422,"x10":5.6163946403,"x11":1.9895204461,"x12":9.2777431985,"x13":4.6465511223,"x14":8.376477993,"x15":7.4323606138,"x16":7.2157987535,"x17":4.4465872053,"x18":7.0845894367,"x19":2.0424845454,"x20":5.5926266754,"y":7.9311364102}
{"x1":3.0763674073,"x2":8.1506580899,"x3":8.4950857814,"x4":7.0910783908,"x5":3.8873664862,"x6":2.9010424795,"x7":4.1323550181,"x8":2.6416191346,"x9":6.4184938419,"x10":1.1032374987,"x11":7.3666022915,"x12":4.1742926956,"x13":9.8252245215,"x14":8.587071315,"x15":4.0465083302,"x16":8.089536455,"x17":2.0140393976,"x18":7.9233070947,"x19":2.4884889026,"x20":5.1847398731,"y":12.3356106143}
{"x1":7.5456597576,"x2":8.6194241915,"x3":5.610033062,"x4":8.7718000835,"x5":6.1815057919,"x6":7.262938411,"x7":6.6392184569,"x8":6.279809264,"x9":9.104911287,"x10":6.3805056991,"x11":5.528921111,"x12":9.9967026529,"x13":5.1220655899,"x14":4.5250179898,"x15":2.3189265686,"x16":8.9998205851,"x17":3.0687780495,"x18":9.7750239622,"x19":3.5248257732,"x20":3.0722600316,"y":2.466211244}
{"x1":4.9705975524,"x2":3.6464928352,"x3":4.9231181537,"x4":7.706644956,"x5":8.0196816316,"x6":0.452622976,"x7":0.7699251318,"x8":2.1999162249,"x9":3.8918324006,"x10":8.2937633957,"x11":0.7071513594,"x12":0.2408989321,"x13":9.483154254,"x14":6.8847838314,"x15":3.6110836879,"x16":0.5230072747,"x17":1.4862071633,"x18":5.3570493722,"x19":2.4001659327,"x20":0.8319452864,"y":6.2106690638}
{"x1":2.6371305547,"x2":9.6466109506,"x3":7.3127319875,"x4":7.1845367995,"x5":9.5371109399,"x6":0.0871286494,"x7":7.773060223,"x8":9.2658099109,"x9":9.9444143907,"x10":1.8142209724,"x11":7.659200293,"x12":7.3885461591,"x13":3.8015771413,"x14":3.9636271171,"x15":1.8803002639,"x16":4.7208088767,"x17":0.1122692728,"x18":7.3726992742,"x19":4.1616152444,"x20":9.6764810372,"y":8.7578472328}
{"x1":5.9958283684,"x2":9.6214080269,"x3":9.797224004,"x4":6.0484642229,"x5":9.3679280223,"x6":6.5486024087,"x7":9.9964883978,"x8":5.3728425621,"x9":4.8594240075,"x10":0.3918899668,"x11":1.408413558,"x12":9.6753998138,"x13":0.7183689939,