{"x1":7.6051589631,"x2":8.3127915002,"x3":5.7754585454,"x4":8.4853452263,"x5":9.9655010509,"x6":2.9080559865,"x7":6.9874533221,"x8":3.5526412717,"x9":0.0718458161,"x10":2.9104750812,"x11":2.8685965557,"x12":1.5188869685,"x13":5.2523750836,"x14":2.9520814092,"x15":4.1485088509,"x16":7.5322681729,"x17":3.9148595654,"x18":3.3990112579,"x19":7.2371611828,"x20":3.3921800044,"y":18.3186371931}
{"x1":3.9237244988,"x2":6.4377574146,"x3":1.562735318,"x4":9.7179785982,"x5":7.0283469413,"x6":4.9508652727,"x7":1.9354630046,"x8":1.5244786871,"x9":6.5603184686,"x10":4.0943987158,"x11":5.1884946475,"x12":0.478673531,"x13":7.0783844876,"x14":4.1990837358,"x15":1.1373227868,"x16":9.7010771735,"x17":0.7261416562,"x18":0.001790038,"x19":8.3694408023,"x20":4.9744462803,"y":15.839859972}
{"x1":5.9196422987,"x2":4.7346622719,"x3":3.8125570216,"x4":6.1112661655,"x5":0.1236971108,"x6":8.0699993737,"x7":4.7618753247,"x8":8.065066404,"x9":7.9014301952,"x10":3.9227212218,"x11":1.8440951905,"x12":8.6687197379,"x13":3.2146849607,"x14":4.1417263029,"x15":1.9342645383,"x16":8.7872971015,"x17":8.7653209867,"x18":5.098732421,"x19":2.1397040087,"x20":7.7925968185,"y":18.1476337794}
{"x1":1.6805501914,"x2":1.054271014,"x3":9.6137410152,"x4":3.77432529,"x5":5.3557423109,"x6":8.6159350631,"x7":6.5474149413,"x8":7.8349261368,"x9":1.7399204948,"x10":6.8534929424,"x11":3.1015980542,"x12":3.9589576156,"x13":1.40059454,"x14":4.5429748796,"x15":5.9119388568,"x16":4.4015226746,"x17":0.855207883,"x18":9.7133216215,"x19":3.1100451384,"x20":5.1183214567,"y":17.5452234146}
{"x1":6.7136411836,"x2":1.0146439555,"x3":2.8100034159,"x4":0.9099144297,"x5":0.1466864273,"x6":5.1226613453,"x7":1.1042040133,"x8":9.7984921766,"x9":8.5674257473,"x10":0.9918251497,"x11":7.8267066462,"x12":5.1167141403,"x13":6.9097081036,"x14":0.3744270594,"x15":5.2333380729,"x16":6.3002488327,"x17":0.2926253502,"x18":1.9157113526,"x19":9.939162465,"x20":8.1512719486,"y":13.4150546149}
{"x1":6.0585596727,"x2":1.5389748954,"x3":4.5020274184,"x4":2.4836008898,"x5":4.8464376738,"x6":4.3566985444,"x7":3.8981724293,"x8":4.8382174427,"x9":1.2314382441,"x10":5.9358617183,"x11":5.0876024415,"x12":5.6848771076,"x13":7.696578152,"x14":2.7562588296,"x15":0.7116852207,"x16":7.1090870162,"x17":3.8553170099,"x18":9.8161873869,"x19":8.2847387555,"x20":3.4424824638,"y":19.5111572253}
{"x1":5.7761702422,"x2":7.1768707764,"x3":1.0204164506,"x4":0.4792239775,"x5":0.1729704153,"x6":5.0641087582,"x7":2.4507301108,"x8":1.0035798181,"x9":3.8480440713,"x10":9.5014064995,"x11":4.0519929181,"x12":6.7671237578,"x13":2.373889199,"x14":7.3396078556,"x15":3.5978839985,"x16":0.483641954,"x17":1.5519801703,"x18":6.6502042672,"x19":3.7229684442,"x20":3.3156497015,"y":16.6592603627}
{"x1":6.276494983,"x2":6.4212192655,"x3":4.234135537,"x4":0.0095575187,"x5":2.5460096548,"x6":2.073024472,"x7":3.888687248,"x8":5.378267482,"x9":8.4194279157,"x10":0.5794919766,"x11":5.0905774643,"x12":0.5052425416,"x13":1.3349032137,"x14":8.6070607743,"x15":6.1750000531,"x16":3.4933858046,"x17":5.1582613776,"x18":5.9503461737,"x19":7.5944852641,"x20":4.8473783782,"y":18.2835331402}
{"x1":3.9694778921,"x2":5.961073196,"x3":1.933989233,"x4":5.5332706967,"x5":6.7689696433,"x6":7.9714354697,"x7":5.4048128562,"x8":6.1272954365,"x9":3.7940391019,"x10":9.1136098801,"x11":7.6726803127,"x12":3.2560827525,"x13":7.6784562971,"x14":8.5212575059,"x15":9.2010768566,"x16":8.9206210819,"x17":4.5119849353,"x18":1.6549806943,"x19":9.7690601824,"x20":9.6650921507,"y":16.8923792524}
{"x1":5.2938794723,"x2":6.3843897321,"x3":1.085923264,"x4":6.9051971243,"x5":8.9999096563,"x6":5.6939190812,"x7":3.0752429198,"x8":7.5399054992,"x9":3.276949322,"x10":0.9027269051,"x11":2.4211296737,"x12":9.6294771679,"x13":2.7675744305,"x14":5.9145248708,"x15":4.0356354551,"x16":9.1412816243,"x17":8.3817546263,"x18":3.5370017206,"x19":6.6732103474,"x20":4.0579373451,"y":18.1703749807}
{"x1":7.0590983448,"x2":5.0081211498,"x3":0.8273323398,"x4":8.1352576608,"x5":4.6153399274,"x6":7.3485342853,"x7":4.1411203811,"x8":6.059922908,"x9":2.9280051432,"x10":6.1951353808,"x11":8.186830415,"x12":5.3810252997,"x13":2.1028372314,"x14":7.2269529908,"x15":3.2862531431,"x16":1.5810062254,"x17":5.718318074,"x18":7.8798865594,"x19":9.5988567988,"x20":4.1743292276,"y":19.31757615}
{"x1":2.461022162,"x2":5.0466315428,"x3":0.5958634573,"x4":6.2933578883,"x5":7.45700378,"x6":9.8492401639,"x7":1.7705423947,"x8":3.8208365812,"x9":0.2767637801,"x10":8.8807534878,"x11":5.1007783246,"x12":3.3955232563,"x13":0.381221679,"x14":2.1363002187,"x15":3.5317401117,"x16":3.5675192523,"x17":1.9531715827,"x18":7.9347550555,"x19":8.2141552514,"x20":4.8813946927,"y":16.4587101814}
{"x1":6.4344380452,"x2":8.6268565382,"x3":8.7932954613,"x4":4.9348147596,"x5":3.9238247198,"x6":6.7438691534,"x7":1.7659441898,"x8":6.1243282959,"x9":6.6310489392,"x10":4.1344960558,"x11":4.1498149385,"x12":5.2279089429,"x13":3.8044749124,"x14":6.5965736456,"x15":3.9981153291,"x16":7.9923629171,"x17":0.5340182883,"x18":6.7098538198,"x19":5.6427845646,"x20":2.0460285549,"y":20.2172136189}
{"x1":5.9414938518,"x2":5.3398455328,"x3":0.9732939447,"x4":5.7573610336,"x5":0.1746753361,"x6":9.0173325663,"x7":4.1968480589,"x8":2.0586617368,"x9":4.8309059502,"x10":8.7958863634,"x11":3.3907941508,"x12":6.007124354,"x13":5.5896214599,"x14":0.9296713751,"x15":7.9778710672,"x16":2.0684579007,"x17":2.6784654584,"x18":1.7545138467,"x19":4.4771744471,"x20":7.574808176,"y":17.9123567302}
{"x1":1.9340959949,"x2":8.707985567,"x3":0.3858881063,"x4":9.8462047629,"x5":2.0625905072,"x6":5.8890582611,"x7":8.5448969757,"x8":4.1759653364,"x9":6.2760681923,"x10":1.5584160076,"x11":2.1198606972,"x12":7.9845839364,"x13":8.1364106795,"x14":0.2524291935,"x15":5.373081247,"x16":8.1059127829,"x17":1.4328273615,"x18":2.7293045043,"x19":5.8057767433,"x20":3.8745426787,"y":15.838816612}
{"x1":4.1189878395,"x2":7.5387920222,"x3":4.6194665746,"x4":8.087318917,"x5":8.950427456,"x6":4.1796455776,"x7":2.8407028079,"x8":9.8077339835,"x9":0.607177481,"x10":0.3555976511,"x11":4.1641501203,"x12":3.2834504019,"x13":9.0524691136,"x14":5.9252135607,"x15":4.8654406361,"x16":8.9300758354,"x17":2.4916268669,"x18":5.4461828489,"x19":5.9414951838,"x20":7.1164429043,"y":17.4967421283}
{"x1":7.883853947,"x2":5.8776085966,"x3":7.833817393,"x4":5.4080992957,"x5":9.3396794648,"x6":5.0802686064,"x7":5.3242010272,"x8":2.5074038157,"x9":6.3029607405,"x10":6.9947828699,"x11":1.7395119504,"x12":3.2631846972,"x13":3.6337835552,"x14":5.5502473159,"x15":3.217897228,"x16":0.599911093,"x17":5.5034497574,"x18":9.0829456987,"x19":3.602827071,"x20":5.8478228251,"y":19.696687516}
{"x1":2.0462531147,"x2":9.3825008812,"x3":9.1608937685,"x4":4.7132480746,"x5":7.8753961634,"x6":2.6198158076,"x7":6.6817551407,"x8":2.6784244445,"x9":0.7626997647,"x10":3.8831429825,"x11":5.0662498274,"x12":3.9948864285,"x13":9.9776409328,"x14":2.7351203798,"x15":5.734049331,"x16":2.1482296215,"x17":0.0954350205,"x18":3.2960834187,"x19":5.4430376862,"x20":5.8624146761,"y":17.2914870375}
{"x1":7.4732666842,"x2":5.2146505441,"x3":5.68175512,"x4":3.0464537181,"x5":2.4182688729,"x6":7.9374588073,"x7":7.0582486959,"x8":2.1554294524,"x9":6.3757777102,"x10":2.6717714658,"x11":2.3934617513,"x12":5.0023686685,"x13":0.0508460237,"x14":4.4902446304,"x15":5.4108003508,"x16":9.839182043,"x17":3.3203556404,"x18":9.9201992348,"x19":7.4800644604,"x20":5.0635026272,"y":18.3150790863}
{"x1":0.2291694766,"x2":2.9195722172,"x3":5.5033258058,"x4":7.4151810524,"x5":5.3247023291,"x6":0.7788906098,"x7":1.6878391089,"x8":5.2831778788,"x9":4.7045004291,"x10":6.6658121148,"x11":6.5853628947,"x12":2.4974330883,"x13":6.5913657413,"x14":1.4752220663,"x15":6.8551072349,"x16":7.9741152231,"x17":2.6560511603,"x18":2.8930960098,"x19":7.4852445907,"x20":5.5974059882,"y":19.125126698}
{"x1":6.9953641445,"x2":9.6748949012,"x3":7.0580622411,"x4":9.7275362737,"x5":0.5775190589,"x6":8.2909469391,"x7":9.2017015538,"x8":6.3516256455,"x9":2.9370894113,"x10":9.4045181506,"x11":3.9171579635,"x12":6.0493238362,