{"x1":9.6754526562,"x2":1.6018531487,"y":8.2963702181}
{"x1":0.0129151075,"x2":1.5455633858,"y":6.6896534836}
{"x1":6.3778864668,"x2":0.3584084576,"y":13.2785284189}
{"x1":6.8336866692,"x2":3.1634529317,"y":21.6323440326}
{"x1":2.5974931266,"x2":9.6824376909,"y":11.151368997}
{"x1":3.5332270014,"x2":4.5168350005,"y":23.8075642769}
{"x1":9.8324592111,"x2":2.0863065248,"y":9.0788641529}
{"x1":3.7218264834,"x2":3.1562900245,"y":22.4835029939}
{"x1":4.6994846467,"x2":6.9429955413,"y":23.0672294244}
{"x1":5.529233637,"x2":6.7584166692,"y":23.3139412874}
{"x1":8.0587749476,"x2":7.0087646241,"y":18.3043802523}
{"x1":7.1643041293,"x2":5.1267845892,"y":22.6498566519}
{"x1":5.2252844909,"x2":4.5586413472,"y":24.8772247189}
{"x1":7.9333864423,"x2":7.0532756481,"y":18.5896515466}
{"x1":4.8824440908,"x2":9.2418043942,"y":15.9966380447}
{"x1":4.9478564908,"x2":4.8905976089,"y":24.9926560856}
{"x1":9.129737164,"x2":6.5230097137,"y":15.3128561839}
{"x1":9.8405443731,"x2":4.5954127894,"y":13.2027196807}
{"x1":1.0652095356,"x2":2.1438932981,"y":13.183283249}
{"x1":8.0440063421,"x2":3.7538447128,"y":19.5905611946}
{"x1":3.5671212846,"x2":2.9939864306,"y":21.9613840734}
{"x1":5.3886025543,"x2":3.6973358831,"y":24.0760271267}
{"x1":7.330836743,"x2":3.3804717303,"y":20.9721641305}
{"x1":3.1621979122,"x2":6.7814362501,"y":21.7244841864}
{"x1":8.9184163344,"x2":2.2095729951,"y":13.4297652801}
{"x1":4.5917670701,"x2":4.0331796301,"y":24.4493021236}
{"x1":9.6010348188,"x2":0.6642777599,"y":5.0159956264}
{"x1":8.3013602828,"x2":3.2259451318,"y":17.9768748038}
{"x1":0.9039542558,"x2":7.3989231061,"y":13.7337885963}
{"x1":3.8805529736,"x2":9.5526117931,"y":14.0102821081}
{"x1":6.1464932511,"x2":9.4494473025,"y":14.4439859637}
{"x1":5.4918018051,"x2":7.461499335,"y":21.8495760041}
{"x1":3.2710908977,"x2":3.2597276057,"y":21.9911626554}
{"x1":2.9762229376,"x2":1.5524710623,"y":17.009448087}
{"x1":2.6284446821,"x2":0.4103277845,"y":11.65616139}
{"x1":7.5609825328,"x2":8.9531453119,"y":13.9070053048}
{"x1":9.3475130687,"x2":0.3131371658,"y":4.5662234451}
{"x1":2.6803636638,"x2":7.3836305717,"y":19.4687962827}
{"x1":2.0766662268,"x2":5.1690621292,"y":20.7127688234}
{"x1":1.1804253992,"x2":2.3746660858,"y":14.2601186262}
{"x1":4.8354387505,"x2":3.1687094876,"y":23.3096473271}
{"x1":0.1056286481,"x2":2.9479657039,"y":10.9173084681}
{"x1":8.1602266589,"x2":1.9586172732,"y":15.3814792868}
{"x1":0.339123592,"x2":1.6885617199,"y":8.7068001042}
{"x1":9.5543119014,"x2":8.6487170604,"y":7.972553459}
{"x1":3.3880855269,"x2":8.5536034529,"y":17.3868171156}
{"x1":3.1442705909,"x2":8.3317070038,"y":17.7279984004}
{"x1":5.0792465931,"x2":3.0509132822,"y":23.0973904721}
{"x1":9.0967814924,"x2":6.729997537,"y":15.1117449627}
{"x1":6.1308351294,"x2":3.788937968,"y":23.6272703324}
