{"x1":7.6031621854,"x2":9.2757829769,"x3":4.639309311,"x4":3.186227228,"x5":2.0529589942,"y":17.5672612878}
{"x1":4.0112016993,"x2":5.0339680547,"x3":1.5103756652,"x4":1.679434016,"x5":8.7369450549,"y":17.3705458593}
{"x1":9.9838056932,"x2":2.8088279482,"x3":9.0909069249,"x4":8.0536188795,"x5":2.2925091718,"y":12.3939663075}
{"x1":6.5641809698,"x2":0.6302763036,"x3":2.6852707925,"x4":0.4673543863,"x5":4.826692529,"y":15.5051939335}
{"x1":0.2957987351,"x2":0.8493428474,"x3":2.8038840678,"x4":1.8258877339,"x5":5.9098072463,"y":13.983374514}
{"x1":9.3031255948,"x2":9.6569909295,"x3":1.6025514777,"x4":7.9894750191,"x5":3.8023163051,"y":12.5762964026}
{"x1":0.7074014137,"x2":7.3919634582,"x3":1.8730132644,"x4":3.4367314303,"x5":0.6750736286,"y":13.9850530815}
{"x1":4.8357485699,"x2":7.5369050436,"x3":7.8849031565,"x4":2.0640106269,"x5":1.5964303949,"y":18.0020296779}
{"x1":1.6913465273,"x2":8.5756687445,"x3":8.7011072125,"x4":3.6991336506,"x5":1.1685887865,"y":14.2394490964}
{"x1":1.4719163741,"x2":4.0941977422,"x3":3.0280163411,"x4":4.7502131244,"x5":7.9069123993,"y":19.8661790934}
{"x1":1.1656387545,"x2":7.9183934974,"x3":8.5282297151,"x4":1.9987838336,"x5":3.296188372,"y":15.484395154}
{"x1":6.7822791945,"x2":9.4152818241,"x3":1.1921561075,"x4":5.4842659744,"x5":1.7569524473,"y":15.4154442428}
{"x1":9.0662258159,"x2":3.6703009638,"x3":7.9967513937,"x4":0.668917071,"x5":7.1831455878,"y":14.8385570353}
{"x1":3.3244205259,"x2":4.2582406884,"x3":7.1161594198,"x4":8.2129241145,"x5":5.5784587915,"y":21.3013199841}
{"x1":8.7613720096,"x2":1.0836584891,"x3":5.1489509604,"x4":0.8940375818,"x5":2.3731522082,"y":14.3465813373}
{"x1":7.391301582,"x2":2.4030700301,"x3":0.1101619475,"x4":6.8344723373,"x5":2.6422173934,"y":15.9405375438}
{"x1":3.9396981072,"x2":3.3920752238,"x3":7.2914326153,"x4":6.1801979045,"x5":0.6174305854,"y":19.0879785224}
{"x1":4.0357325481,"x2":0.8811496017,"x3":4.6791958396,"x4":5.1262977468,"x5":5.1747619386,"y":21.3911703025}
{"x1":8.7952077686,"x2":1.4694347365,"x3":8.2520997897,"x4":2.9537414749,"x5":9.2999467974,"y":12.9757274919}
{"x1":1.0951999272,"x2":6.6335322711,"x3":1.6712441444,"x4":7.5645073844,"x5":2.5633273349,"y":16.6978842727}
{"x1":1.4342192794,"x2":6.8937466041,"x3":9.9649252491,"x4":6.9994334815,"x5":8.7474753614,"y":13.2014286184}
{"x1":0.4758021085,"x2":5.8989234192,"x3":4.8186313922,"x4":3.9856302072,"x5":1.6898710163,"y":18.3409551176}
{"x1":4.9755545789,"x2":7.4921688411,"x3":1.0197913422,"x4":1.182125803,"x5":0.4544452675,"y":13.5416409438}
{"x1":0.4624494349,"x2":6.4201212895,"x3":5.8368587971,"x4":6.5568920704,"x5":9.0724253132,"y":16.5369993791}
{"x1":9.9864033522,"x2":7.5667388366,"x3":0.7508400573,"x4":2.4889647311,"x5":2.9523133898,"y":12.9987909119}
{"x1":9.5162958441,"x2":5.2232177962,"x3":9.4500651442,"x4":4.9799767583,"x5":6.9497384089,"y":16.1896570166}
{"x1":7.5446710525,"x2":0.1891123676,"x3":0.5339749483,"x4":1.9775512598,"x5":8.9168346917,"y":10.1915678542}
{"x1":2.6396014467,"x2":1.9741224381,"x3":8.0945416188,"x4":7.0252748401,"x5":9.6086755693,"y":15.0709534277}
{"x1":8.5934667249,"x2":0.0258188549,"x3":1.4155058033,"x4":1.4504546901,"x5":9.2559295801,"y":8.7567423378}
{"x1":3.43480529,"x2":8.3411930966,"x3":3.6482518129,"x4":6.6818408999,"x5":3.5758583017,"y":20.940520532}
{"x1":6.8417324078,"x2":7.1162221552,"x3":8.4316225253,"x4":7.4041063453,"x5":9.0679075602,"y":16.6051986267}
{"x1":3.3304574598,"x2":3.3292119614,"x3":9.1543278191,"x4":1.0751966858,"x5":5.0384859121,"y":17.3514186375}
{"x1":3.0052684258,"x2":7.0048008612,"x3":0.7497824804,"x4":3.5416282793,"x5":6.1201836875,"y":19.1111621841}
{"x1":5.1895413453,"x2":1.3786633119,"x3":3.1542593372,"x4":6.5296537298,"x5":7.611451124,"y":19.8567437139}
{"x1":0.2415218951,"x2":5.3964605052,"x3":6.1253481394,"x4":4.0804222552,"x5":6.8660932346,"y":19.3210739138}
{"x1":6.6877699401,"x2":5.0356835765,"x3":7.1618022679,"x4":0.7784250501,"x5":3.7768679313,"y":19.6318046302}
{"x1":6.2860312551,"x2":5.7180458489,"x3":0.0150596366,"x4":1.0748740137,"x5":4.026745662,"y":16.3254130657}
{"x1":3.8858421466,"x2":8.1467696965,"x3":0.4019428963,"x4":8.3080097773,"x5":5.3769908092,"y":16.3258625737}
{"x1":6.6310986195,"x2":2.0573580926,"x3":0.692370996,"x4":4.0176359123,"x5":2.976804537,"y":18.0132698359}
{"x1":0.0584217438,"x2":1.352489173,"x3":2.3315276914,"x4":4.886994605,"x5":3.7513630469,"y":15.7167720367}
{"x1":6.693279867,"x2":5.15934432,"x3":6.7871076522,"x4":8.4193009358,"x5":7.5400223093,"y":20.1540653395}
{"x1":5.1784001176,"x2":6.4421555695,"x3":4.9283581488,"x4":0.3979593178,"x5":9.9637643268,"y":15.4130986848}
{"x1":9.943677035,"x2":5.6203765575,"x3":2.1120723853,"x4":3.621999024,"x5":4.182970525,"y":17.8537281081}
{"x1":5.9917269394,"x2":5.512717095,"x3":5.8330554419,"x4":0.0591151715,"x5":7.4738411893,"y":18.505476874}
{"x1":6.469660322,"x2":1.9194109576,"x3":0.9413708924,"x4":4.4648330876,"x5":0.6501959098,"y":15.5340800418}
{"x1":9.8814258081,"x2":8.1266389902,"x3":2.6474734966,"x4":2.1015451767,"x5":2.3230077854,"y":14.0588204152}
{"x1":2.2209978627,"x2":2.1076075983,"x3":4.9030746887,"x4":4.1868659552,"x5":1.6785155731,"y":19.4416746053}
{"x1":1.7804714902,"x2":4.5243284112,"x3":0.2419327908,"x4":8.8761962985,"x5":2.0405472034,"y":13.5971821094}
{"x1":1.5336509754,"x2":2.6608774685,"x3":6.4294277304,"x4":4.0315001554,"x5":0.1945061974,"y":16.2877807901}
{"x1":6.7150866865,"x2":9.8308073963,"x3":2.5458449222,"x4":9.3709026136,"x5":8.0707452301,"y":12.8329268972}
