{"x1":9.6887391789,"x2":7.647382748,"x3":4.8416438423,"x4":6.1893470868,"x5":2.82262355,"x6":4.620931398,"x7":9.9557259383,"x8":6.1362955931,"x9":5.4123754397,"x10":8.7352860458,"y":17.4710002524}
{"x1":9.5231799601,"x2":2.2277829722,"x3":0.2386812989,"x4":2.5889731683,"x5":7.5372817511,"x6":0.099316009,"x7":9.8760285399,"x8":0.8808590929,"x9":7.2917268506,"x10":2.8068622276,"y":11.2113105997}
{"x1":9.0608486742,"x2":7.0292258166,"x3":0.5325308775,"x4":0.8590440226,"x5":4.3166018464,"x6":9.0180073512,"x7":1.3145894718,"x8":5.7855462632,"x9":4.9996916014,"x10":0.2252925806,"y":13.8677373023}
{"x1":3.2828428597,"x2":0.3836442361,"x3":2.1632788277,"x4":0.6488624156,"x5":5.3980630896,"x6":3.3285349309,"x7":6.0989676384,"x8":6.914747183,"x9":4.5157944361,"x10":0.4653276227,"y":17.0137300586}
{"x1":0.4942526632,"x2":8.7709884998,"x3":8.8589956915,"x4":8.9405353117,"x5":1.283501806,"x6":7.928250783,"x7":6.5174883141,"x8":2.6186018163,"x9":3.1240037587,"x10":7.1419021202,"y":14.6590274224}
{"x1":7.2522554319,"x2":8.2102465213,"x3":5.8701613084,"x4":6.3125881121,"x5":8.8651593036,"x6":8.1928909817,"x7":9.1917050979,"x8":4.5657682445,"x9":9.0825585015,"x10":6.4284171708,"y":17.0540976847}
{"x1":8.8437273686,"x2":4.2423121763,"x3":7.1173910151,"x4":7.8361778266,"x5":6.602820061,"x6":0.1475820547,"x7":1.5561912426,"x8":7.9434703861,"x9":4.3495586722,"x10":7.9480565929,"y":16.6371479372}
{"x1":4.3186921763,"x2":5.9917295451,"x3":6.0176231507,"x4":7.6663067257,"x5":9.2281099291,"x6":4.0677804919,"x7":3.6975945906,"x8":4.0527814712,"x9":5.8172616524,"x10":7.4137749883,"y":21.2573887848}
{"x1":6.0964423568,"x2":1.6707826035,"x3":0.0173165768,"x4":9.3079113733,"x5":8.0560223244,"x6":0.30861403,"x7":7.6876543067,"x8":8.8320637934,"x9":7.3056249604,"x10":8.2675583156,"y":12.5079474029}
{"x1":0.829273592,"x2":4.5862159304,"x3":8.8824688626,"x4":6.2433854101,"x5":0.8629858106,"x6":6.9411201085,"x7":3.675524938,"x8":8.7245788658,"x9":7.9187266095,"x10":7.0478520514,"y":16.6592033584}
{"x1":9.802417667,"x2":6.5556616555,"x3":4.6003117145,"x4":1.1013777379,"x5":2.9032431841,"x6":4.7685920727,"x7":8.5169447187,"x8":9.6677458597,"x9":8.672936506,"x10":6.5132923764,"y":15.4770488364}
{"x1":7.0199083476,"x2":9.3341815276,"x3":4.6400618427,"x4":2.1080281585,"x5":5.2378219232,"x6":5.8423570703,"x7":9.8139360216,"x8":7.1228440582,"x9":0.6019112412,"x10":8.0281369852,"y":16.1682414196}
{"x1":4.8743497351,"x2":7.2649555799,"x3":5.2821018474,"x4":9.4556544769,"x5":3.6519438411,"x6":1.2566186084,"x7":2.3235121483,"x8":1.6831755627,"x9":4.3826054451,"x10":0.8146562364,"y":17.3028400287}
{"x1":8.1080540094,"x2":4.615651403,"x3":4.5828667899,"x4":1.2662751838,"x5":7.7914343645,"x6":5.9635913924,"x7":6.7811957994,"x8":0.0671744719,"x9":0.2382096182,"x10":9.1954326801,"y":14.957523195}
{"x1":4.6450817067,"x2":4.0350339659,"x3":1.537351079,"x4":7.6899517038,"x5":4.0134539302,"x6":6.3026907732,"x7":6.5760287069,"x8":2.9539535915,"x9":4.6748668897,"x10":2.7440846109,"y":21.5181781267}
{"x1":1.3348778812,"x2":8.6150552649,"x3":3.6196349738,"x4":2.3905509502,"x5":6.7841258714,"x6":1.2191425567,"x7":0.7879071568,"x8":4.225416319,"x9":4.1970491334,"x10":0.6477160926,"y":15.9376823902}
{"x1":8.4890302005,"x2":1.0124329269,"x3":5.7130104815,"x4":9.1719668323,"x5":3.0938171287,"x6":7.7441110131,"x7":1.852483351,"x8":2.3134057995,"x9":9.4595266128,"x10":3.1153389534,"y":15.2284633186}
{"x1":7.9686296153,"x2":2.155410294,"x3":0.3322900821,"x4":2.8016825457,"x5":2.9058104717,"x6":4.9076236911,"x7":3.512585805,"x8":0.5001449131,"x9":1.0725490669,"x10":0.6759035735,"y":14.5497491413}
{"x1":2.0678996193,"x2":2.4052275592,"x3":8.2362924382,"x4":3.464975011,"x5":3.4911427244,"x6":9.7354091001,"x7":2.6708211696,"x8":8.4627488083,"x9":6.0550860818,"x10":4.5869446894,"y":17.8439778589}
{"x1":1.6622027757,"x2":7.2741070529,"x3":8.8084535011,"x4":0.9139845507,"x5":1.3839859469,"x6":1.5133999001,"x7":5.4643047229,"x8":7.85905078,"x9":1.2495474983,"x10":4.4463756584,"y":15.4493624473}
{"x1":8.931483839,"x2":7.8275521682,"x3":2.7667517757,"x4":1.6739429163,"x5":7.2252244429,"x6":1.5476390716,"x7":6.6461394485,"x8":2.0836294111,"x9":5.2316508964,"x10":2.9075707312,"y":17.7980995525}
{"x1":5.968428816,"x2":0.9177893728,"x3":9.9248345348,"x4":3.4813858613,"x5":7.750325294,"x6":0.6399473475,"x7":7.4826471602,"x8":5.5195413136,"x9":5.9288582858,"x10":7.7898372135,"y":16.4183740078}
{"x1":5.0013962345,"x2":6.9729522536,"x3":0.9448783648,"x4":0.8917791022,"x5":8.464120088,"x6":4.9863307427,"x7":0.3358160108,"x8":0.5846855392,"x9":2.5237557136,"x10":9.8834234825,"y":12.9556427453}
{"x1":5.2538336243,"x2":2.7950053472,"x3":1.3877255233,"x4":6.1661867371,"x5":1.4322126606,"x6":0.7295140161,"x7":2.8828467679,"x8":7.3766317731,"x9":4.1134901474,"x10":0.199435444,"y":16.5736855466}
{"x1":4.3506926847,"x2":6.812392345,"x3":9.4307627621,"x4":9.2885636969,"x5":0.5679641372,"x6":4.478974078,"x7":8.968296041,"x8":2.7203237623,"x9":2.7506597633,"x10":9.26845771,"y":14.4132226921}
{"x1":6.9481710919,"x2":7.9581451555,"x3":7.0430051857,"x4":3.184259071,"x5":7.2473337896,"x6":8.7819142941,"x7":5.1740842041,"x8":6.9910710768,"x9":3.4737642442,"x10":2.8966665896,"y":19.9881760075}
{"x1":8.5317093674,"x2":2.3535775471,"x3":4.2342227559,"x4":2.7442703276,"x5":8.7128590735,"x6":3.9449414899,"x7":4.3799809122,"x8":9.5146641975,"x9":1.0679689678,"x10":1.099229967,"y":15.8506783669}
{"x1":0.8110224977,"x2":7.5326076905,"x3":4.8134516289,"x4":5.3661755222,"x5":6.0276601734,"x6":6.6106707588,"x7":8.5627744622,"x8":5.8936558149,"x9":8.8594087665,"x10":4.7380231582,"y":19.3763484762}
{"x1":9.9953688962,"x2":3.7583031772,"x3":2.0183076906,"x4":5.8098608901,"x5":4.8737894848,"x6":2.4203616047,"x7":7.3522839942,"x8":0.5402663456,"x9":6.1166440427,"x10":7.2298750293,"y":17.5645950735}
{"x1":6.0407376419,"x2":9.0213624877,"x3":9.4071788385,"x4":8.993364314,"x5":2.0848483032,"x6":8.5742615285,"x7":7.4638146958,"x8":4.6076030896,"x9":4.0296913162,"x10":8.5561854814,"y":15.6289557844}
{"x1":3.663944045,"x2":2.0399867504,"x3":2.3765983754,"x4":0.841757788,"x5":3.920024542,"x6":3.8316102876,"x7":2.1247567345,"x8":9.9913877791,"x9":5.9652747438,"x10":0.1440976277,"y":15.5056061182}
{"x1":1.5098139291,"x2":7.5649168877,"x3":2.7472340815,"x4":9.4484110985,"x5":3.0131519608,"x6":1.0658562316,"x7":4.8474156819,"x8":5.3542447877,"x9":0.3164170999,"x10":4.7751193546,"y":16.4816143213}
{"x1":5.9983916443,"x2":2.4692935358,"x3":5.9793386016,"x4":2.2656734474,"x5":3.7882805589,"x6":4.1910174974,"x7":8.7699669981,"x8":4.5372513527,"x9":8.7070467283,"x10":9.2182516159,"y":18.6077746812}
{"x1":9.4278315509,"x2":2.3455515509,"x3":5.3059381568,"x4":8.3976532412,"x5":6.0524356189,"x6":5.3677327221,"x7":1.620102479,"x8":7.5038783598,"x9":1.3737445572,"x10":3.9458375849,"y":17.8513616371}
{"x1":4.5169336601,"x2":8.6010173048,"x3":4.5154371998,"x4":4.6147544548,"x5":1.7769960386,"x6":8.4514591705,"x7":2.6205991483,"x8":9.6026954964,"x9":6.164364012,"x10":9.2626852813,"y":16.7743197497}
{"x1":9.2546289088,"x2":9.4437135905,"x3":6.2323307897,"x4":7.733996254,"x5":0.9551745254,"x6":3.6938156667,"x7":6.6180682953,"x8":8.7864057953,"x9":8.1624189947,"x10":5.3974755946,"y":15.7977542447}
{"x1":5.2028727223,"x2":6.9746255526,"x3":0.3112571565,"x4":8.393969393,"x5":4.7857431869,"x6":6.9022008842,"x7":1.0226749332,"x8":0.1000370541,"x9":1.4427541647,"x10":6.1655409859,"y":15.5050849426}
{"x1":4.8563004604,"x2":0.146156324,"x3":6.9593592255,"x4":3.1563747167,"x5":3.147194067,"x6":3.9727324458,"x7":5.0093496439,"x8":2.8392835805,"x9":6.4209462016,"x10":6.085700425,"y":20.6826724416}
{"x1":2.4917573525,"x2":5.2602588123,"x3":4.5665880764,"x4":5.7998098662,"x5":6.5357124651,"x6":3.0861347837,"x7":6.2260799951,"x8":6.9567386085,"x9":9.5030811783,"x10":0.3094212449,"y":18.918078232}
{"x1":2.9350724492,"x2":4.8618075752,"x3":0.1081784723,"x4":1.759385148,"x5":5.8113101544,"x6":2.2702236771,"x7":5.0200808577,"x8":2.5205528372,"x9":1.7774234145,"x10":6.6988885869,