{"x1":7.5067684362,"x2":1.0091013445,"x3":1.1670944315,"x4":7.5148959414,"x5":1.8460191922,"x6":7.8769068117,"x7":6.0364698344,"x8":6.1926408043,"x9":2.9959065599,"x10":5.224067715,"y":942.2161804863}
{"x1":9.438207516,"x2":5.7527104141,"x3":4.1590539811,"x4":5.8472625705,"x5":3.6372333537,"x6":5.1272508254,"x7":8.4675418463,"x8":5.0497263913,"x9":5.9176925306,"x10":2.2346942163,"y":1307.889503958}
{"x1":8.6502490548,"x2":1.7751329657,"x3":6.2665251472,"x4":8.9028113118,"x5":7.0699557134,"x6":8.4719597122,"x7":0.6214300853,"x8":0.7051802798,"x9":4.6109708671,"x10":7.514021547,"y":1864.639537268}
{"x1":0.0890471472,"x2":5.1159028421,"x3":2.8614491078,"x4":0.4063924742,"x5":4.0137224329,"x6":4.8559177424,"x7":2.7628722976,"x8":6.5074154503,"x9":3.4548553169,"x10":8.5772623353,"y":581.1917583424}
{"x1":0.1796255701,"x2":8.5140655344,"x3":3.1554514249,"x4":1.3870804242,"x5":0.7010249056,"x6":2.5377990206,"x7":0.6979904931,"x8":0.0822342924,"x9":5.2532634361,"x10":1.8132888,"y":433.0093904362}
{"x1":0.4476709264,"x2":1.5796771173,"x3":3.0497714775,"x4":2.4843224079,"x5":4.7261844557,"x6":5.8653513945,"x7":3.9489395407,"x8":6.0135487849,"x9":7.7360769707,"x10":9.7358264724,"y":1165.7511393168}
{"x1":8.4684783649,"x2":9.9040076249,"x3":5.4608203468,"x4":1.4819926614,"x5":4.7921407592,"x6":8.479263851,"x7":7.7044881055,"x8":2.0549400056,"x9":9.4035549606,"x10":9.1458219792,"y":3152.9724031694}
{"x1":1.2571697033,"x2":0.8220744419,"x3":2.0114985404,"x4":8.9341027382,"x5":1.8824777304,"x6":9.0820473938,"x7":4.8818273409,"x8":8.3794060053,"x9":6.4402024613,"x10":3.374337945,"y":1568.4747905328}
{"x1":3.8881488181,"x2":1.980725199,"x3":7.3892167063,"x4":8.9696538983,"x5":9.809405967,"x6":3.87060412,"x7":6.4498176897,"x8":8.2096300998,"x9":1.5666599244,"x10":0.0795134312,"y":1969.3682286802}
{"x1":3.5164237305,"x2":3.7179152988,"x3":7.5236078501,"x4":4.6351670637,"x5":2.8897219735,"x6":3.1182996044,"x7":4.1953160584,"x8":3.0395416914,"x9":7.144247379,"x10":5.1716884687,"y":448.2667516855}
{"x1":1.5365724247,"x2":8.9685806492,"x3":1.4790209764,"x4":6.6758125631,"x5":3.1707897171,"x6":0.6790909939,"x7":6.8714800908,"x8":4.6854029134,"x9":8.9522969185,"x10":7.696539233,"y":1588.6794144653}
{"x1":7.791749604,"x2":8.0878495664,"x3":6.2700557482,"x4":0.9203461833,"x5":8.4205326385,"x6":9.0825251437,"x7":6.7952324717,"x8":5.2974882047,"x9":5.3952794708,"x10":9.3555373816,"y":2493.9620978534}
{"x1":3.5774724807,"x2":5.3206893684,"x3":1.2545089695,"x4":8.5441352079,"x5":5.6192684683,"x6":7.579216032,"x7":2.3149501957,"x8":0.2409487894,"x9":5.319679449,"x10":1.8587742887,"y":777.359682266}
{"x1":6.1983488355,"x2":8.7488747685,"x3":0.9074814671,"x4":6.2312617195,"x5":7.4431086249,"x6":9.3669971985,"x7":6.8535257186,"x8":5.0944865029,"x9":9.0350742429,"x10":3.1620202089,"y":2217.2703998406}
{"x1":3.5756636716,"x2":3.7962714788,"x3":7.6772887843,"x4":4.1919816359,"x5":3.617524827,"x6":2.4547883635,"x7":9.8100210911,"x8":9.3349526172,"x9":9.9922083123,"x10":4.6585724006,"y":2510.807201989}
{"x1":0.0656060975,"x2":1.0647307239,"x3":9.2031804334,"x4":2.5430278068,"x5":1.2874376931,"x6":2.7979766099,"x7":8.4042944104,"x8":7.4488363289,"x9":1.0213663276,"x10":7.9134534962,"y":1481.4769121786}
{"x1":8.602663506,"x2":5.2104025148,"x3":0.1322634206,"x4":8.2295357498,"x5":4.1440963301,"x6":1.2605389313,"x7":3.3429725145,"x8":1.7416305232,"x9":8.9841684355,"x10":5.169051644,"y":1374.6262844569}
{"x1":7.3375607055,"x2":0.788874446,"x3":5.4708194945,"x4":5.42186957,"x5":4.9987479973,"x6":8.6771999315,"x7":7.697185498,"x8":9.5786049809,"x9":0.2647216717,"x10":4.0086059187,"y":1731.0924012497}
{"x1":1.5879626869,"x2":1.5954197379,"x3":9.8734759997,"x4":7.6829770816,"x5":3.8798735044,"x6":0.3992499523,"x7":3.4736387849,"x8":3.6747959593,"x9":5.7076653397,"x10":3.4763262699,"y":1101.6844598311}
{"x1":7.5121399626,"x2":1.8900853029,"x3":3.7924098371,"x4":8.3868500854,"x5":4.0609752106,"x6":3.8973709619,"x7":4.8212510017,"x8":4.6889277312,"x9":8.7592204982,"x10":2.5690048887,"y":1118.08333312}
{"x1":6.4285095705,"x2":3.0689039268,"x3":8.8591507689,"x4":4.933759765,"x5":7.4270951797,"x6":9.7080396853,"x7":7.6410033007,"x8":2.9605784248,"x9":1.4079518491,"x10":8.4746894495,"y":2232.3382779006}
{"x1":9.0854149402,"x2":0.3748843053,"x3":1.9978944295,"x4":2.2582892115,"x5":4.4985292627,"x6":1.2308719233,"x7":6.2305141332,"x8":5.9529244795,"x9":6.9136804359,"x10":1.0646977906,"y":872.6744713476}
{"x1":5.4093258968,"x2":3.5535736984,"x3":4.7800813524,"x4":3.8218042741,"x5":1.0384937644,"x6":6.6627145086,"x7":8.1037774428,"x8":7.698035093,"x9":7.3038175991,"x10":6.2196914275,"y":1069.4112928964}
{"x1":7.4489060809,"x2":0.4439774535,"x3":4.4775197526,"x4":0.0232268424,"x5":8.4796168635,"x6":3.1638064679,"x7":7.9863153381,"x8":5.1665296221,"x9":0.1919215027,"x10":1.5824897008,"y":972.2133733819}
{"x1":1.7579041053,"x2":2.1734260925,"x3":6.3357852712,"x4":0.3001992424,"x5":6.3950163033,"x6":3.3892466566,"x7":1.8785007133,"x8":2.6199083977,"x9":8.9103215531,"x10":2.0669354887,"y":689.624055894}
{"x1":6.0586457624,"x2":7.9378992614,"x3":7.3765998905,"x4":7.452219648,"x5":1.673317629,"x6":4.9056516121,"x7":2.1752684232,"x8":5.7642333916,"x9":0.5149583114,"x10":5.5947166966,"y":940.6355498221}
{"x1":0.4369293509,"x2":5.1265314434,"x3":8.176672659,"x4":8.4241830127,"x5":8.2734927786,"x6":7.335354504,"x7":1.317462678,"x8":3.4103850981,"x9":4.4270826628,"x10":0.2797083163,"y":1342.2635843802}
{"x1":5.477774441,"x2":6.7504076848,"x3":8.3081927186,"x4":5.6100564925,"x5":0.078440417,"x6":9.2723979587,"x7":2.6042247369,"x8":6.8693522815,"x9":8.2894014783,"x10":2.5686133899,"y":1717.9645165143}
{"x1":0.6843850461,"x2":8.7794136237,"x3":2.3001921898,"x4":2.9169856953,"x5":6.840330925,"x6":3.9934812613,"x7":3.8937150049,"x8":1.399025935,"x9":8.1877615633,"x10":3.800888808,"y":959.2942471034}
{"x1":8.1797771052,"x2":8.1534179808,"x3":5.9557550824,"x4":7.457572485,"x5":1.0545661335,"x6":2.7065604871,"x7":6.0727635583,"x8":5.3528766025,"x9":6.2536184051,"x10":6.8752830108,"y":1338.0345168004}
{"x1":1.2624176653,"x2":5.1893237775,"x3":2.3008443853,"x4":3.1632660007,"x5":5.0427951086,"x6":2.8365087361,"x7":4.3536096743,"x8":5.5892161202,"x9":4.624421848,"x10":5.1207713128,"y":144.3187116314}
{"x1":0.0350272195,"x2":9.9799841407,"x3":7.315861342,"x4":4.8567214098,"x5":7.5139101155,"x6":5.174291259,"x7":1.2329209625,"x8":4.9602970422,"x9":1.2359334842,"x10":8.8984188065,"y":1851.2932866538}
{"x1":9.201343184,"x2":9.71966047,"x3":2.8758367038,"x4":5.3038791673,"x5":1.7077823958,"x6":6.0285261988,"x7":1.5398548692,"x8":9.8234577735,"x9":3.8163826089,"x10":9.2947188145,"y":2829.827973888}
{"x1":0.9756459284,"x2":9.6223196903,"x3":4.9208218474,"x4":3.844833596,"x5":3.310344473,"x6":2.72251392,"x7":0.8916529448,"x8":1.7526228086,"x9":4.5717635683,"x10":9.7982772212,"y":1508.2781546271}
{"x1":8.0084155991,"x2":7.6158391358,"x3":6.372129844,"x4":3.708635175,"x5":3.5150797148,"x6":6.1612794483,"x7":8.0893480414,"x8":2.3204351432,"x9":1.8178401737,"x10":0.176510899,"y":1065.4386173948}
{"x1":9.4172250981,"x2":3.7341119994,"x3":8.771788555,"x4":2.6464929657,"x5":1.9906361362,"x6":5.43319208,"x7":2.9121732362,"x8":1.476660154,"x9":5.6523558206,"x10":2.4147595655,"y":1197.3561857654}
{"x1":6.9463809061,"x2":8.4377588038,"x3":3.6802642802,"x4":0.6580667955,"x5":8.3605048372,"x6":1.8279097126,"x7":8.020197643,"x8":6.6608032607,"x9":1.1179547437,"x10":6.844475311,"y":1522.7281880885}
{"x1":0.2700062214,"x2":0.4645453694,"x3":8.3424914254,"x4":2.6615191776,"x5":2.2241962756,"x6":1.545650283,"x7":7.5765554191,"x8":3.5975027732,"x9":8.6406577421,"x10":1.066152971,"y":1045.7219928811}
{"x1":5.9802293672,"x2":7.6638756433,"x3":1.1852960733,"x4":6.4699381442,"x5":4.5046157509,"x6":5.926443489,"x7":2.6381454296,"x8":3.3837100923,"x9":7.0113618576,"x10":3.9422430992,"y":678.9018345675}
{"x1":3.0359112977,"x2":7.0020913683,"x3":3.9137974947,"x4":6.0191036598,"x5":3.9657815032,"x6":3.6379425779,"x7":0.1409511444,"x8":4.4198792185,