{"x1":7.3663029963,"x2":6.7815968467,"y":1763.0976635418}
{"x1":7.0948884049,"x2":6.9952400957,"y":1705.2257594356}
{"x1":7.9177908364,"x2":4.9246274064,"y":1595.7443262401}
{"x1":0.4039104482,"x2":3.4147229699,"y":-17.0462390382}
{"x1":0.3499623832,"x2":4.5573801865,"y":60.8288668835}
{"x1":0.8862867529,"x2":0.2074744985,"y":-3.5845609831}
{"x1":1.3726621991,"x2":7.6106953388,"y":1223.2970553166}
{"x1":0.2696967566,"x2":3.6598091789,"y":-8.2067663784}
{"x1":2.0936068585,"x2":7.1485419641,"y":894.5222422066}
{"x1":7.5168078175,"x2":3.3670409691,"y":1145.0186807801}
{"x1":2.7846493191,"x2":2.0940548306,"y":-45.239173222}
{"x1":4.9091806785,"x2":6.9489595054,"y":906.8142462207}
{"x1":9.8166159607,"x2":6.7636329884,"y":4594.1289448025}
{"x1":8.955066028,"x2":8.6168248603,"y":4780.3687686654}
{"x1":5.1997071068,"x2":3.0672501235,"y":138.861466645}
{"x1":3.9856603799,"x2":9.2800319957,"y":3051.5432960144}
{"x1":4.4738435385,"x2":3.1145025982,"y":28.5995090517}
{"x1":5.8011310006,"x2":3.7692248523,"y":308.2309672284}
{"x1":5.754708,"x2":4.4675513587,"y":348.488079367}
{"x1":3.5782692485,"x2":8.7141406809,"y":2285.9371678214}
{"x1":7.1865376893,"x2":9.1194522195,"y":3754.1099462357}
{"x1":4.8318925555,"x2":2.6440613887,"y":72.9669181493}
{"x1":6.7522629306,"x2":5.596308427,"y":945.3704475055}
{"x1":4.9356085369,"x2":9.5765777391,"y":3609.8615217622}
{"x1":8.2058108026,"x2":0.5150446204,"y":1748.0559033644}
{"x1":9.6494166749,"x2":6.5081186103,"y":4188.5095049621}
{"x1":7.8353886488,"x2":5.0306988471,"y":1543.3705127912}
{"x1":9.4839263212,"x2":7.8398192743,"y":4765.9229662195}
{"x1":1.6544331687,"x2":9.5681884611,"y":3468.2258560286}
{"x1":3.8618254416,"x2":2.6311870942,"y":-23.288066479}
{"x1":1.8805635145,"x2":3.4479586932,"y":-33.1574620081}
{"x1":9.9835146418,"x2":3.8573923305,"y":4196.0120669808}
{"x1":4.9266596745,"x2":6.6155763944,"y":736.8422342361}
{"x1":5.3651457978,"x2":3.9201674606,"y":202.3586158347}
{"x1":5.1034043063,"x2":7.4689150127,"y":1271.9254075002}
{"x1":0.7834750329,"x2":1.8795963175,"y":-20.0870208903}
{"x1":2.669868429,"x2":6.6451460559,"y":613.3668124752}
{"x1":6.7451348852,"x2":7.2478965818,"y":1665.5389853532}
{"x1":4.4226827179,"x2":9.5961973853,"y":3573.1775580064}
{"x1":0.2927653178,"x2":8.0086990012,"y":1563.8798811979}
{"x1":4.9091169719,"x2":9.2104101814,"y":3052.4462916422}
{"x1":7.3467393628,"x2":9.8018032329,"y":4914.3356666569}
{"x1":9.0281263925,"x2":1.9906344122,"y":2673.3414866435}
{"x1":2.0987129256,"x2":3.0521852747,"y":-43.793578527}
{"x1":5.2410067548,"x2":8.7588555332,"y":2521.5549792881}
{"x1":9.1308865388,"x2":5.6835975529,"y":3108.912218879}
{"x1":7.2934613561,"x2":9.1652324758,"y":3886.5346625395}
{"x1":3.7208019697,"x2":3.6366414436,"y":-14.876923232}
{"x1":0.9299345848,"x2":0.2082041036,"y":-4.0448111782}
{"x1":6.7083350291,"x2":8.8789826465,"y":3168.4263985865}
