{"x1":9.6985583435,"x2":5.6920078061,"x3":3.4572472587,"x4":4.898332562,"x5":3.1605472802,"y":1618.3784699284}
{"x1":6.4888080821,"x2":4.5928206878,"x3":3.7913954871,"x4":7.8447513191,"x5":0.1154448085,"y":819.9426148876}
{"x1":5.7110903211,"x2":9.4052075576,"x3":5.6255213057,"x4":5.0324975665,"x5":4.6125409767,"y":1589.3949996956}
{"x1":3.8466611565,"x2":0.7163532386,"x3":0.8736221994,"x4":5.6533456808,"x5":4.0600291512,"y":111.2885319952}
{"x1":9.4306927951,"x2":5.3540390216,"x3":0.9634430811,"x4":0.7282632832,"x5":5.2406970434,"y":1450.2601322376}
{"x1":1.3264865992,"x2":1.6749710685,"x3":2.4980143643,"x4":9.3699354987,"x5":2.3913006019,"y":1241.5769664724}
{"x1":1.5722623843,"x2":9.0272642138,"x3":0.3557590734,"x4":3.4948837806,"x5":4.5210307136,"y":1088.1824627952}
{"x1":4.0551268072,"x2":7.4199832845,"x3":4.0851897054,"x4":7.9350276792,"x5":5.8006672912,"y":1173.295839059}
{"x1":8.7707464782,"x2":0.9281169642,"x3":2.236738252,"x4":7.2511824652,"x5":4.9899607944,"y":1376.9126107449}
{"x1":3.7253452153,"x2":6.5226705938,"x3":9.3581186442,"x4":4.6578871114,"x5":1.310512657,"y":1518.9860224358}
{"x1":7.6576156512,"x2":5.8993052786,"x3":1.138366,"x4":6.2032854936,"x5":7.6638516312,"y":1330.6976419015}
{"x1":8.3442473761,"x2":9.5889292677,"x3":2.7489379223,"x4":0.7289913422,"x5":6.1677388477,"y":2324.2693703412}
{"x1":4.9640206378,"x2":2.4753320764,"x3":9.9808998292,"x4":2.6785903638,"x5":7.7098021376,"y":2228.0552890975}
{"x1":7.7328453279,"x2":3.7804077757,"x3":6.5639308118,"x4":3.3955239747,"x5":5.551776661,"y":860.3811941109}
{"x1":8.7770709075,"x2":7.2295863518,"x3":4.3471163133,"x4":4.4144605281,"x5":7.5833293474,"y":1853.8137533408}
{"x1":1.5332220172,"x2":3.6483870847,"x3":8.6184794043,"x4":3.6738178293,"x5":4.4373980309,"y":881.8712810419}
{"x1":8.7848801532,"x2":9.3878312518,"x3":8.0514858195,"x4":2.6366672099,"x5":0.0839117765,"y":2865.0096278342}
{"x1":8.0988757778,"x2":4.9381545288,"x3":7.7835276598,"x4":8.024770922,"x5":8.6801026143,"y":2786.7559889198}
{"x1":0.7662618799,"x2":6.6535302199,"x3":7.7379185395,"x4":9.0537502172,"x5":0.4155321977,"y":1879.5001652232}
{"x1":9.3381772891,"x2":8.5929678709,"x3":1.6394607166,"x4":6.4556472942,"x5":7.3210087351,"y":2739.1523213612}
{"x1":4.6772215265,"x2":9.5850261405,"x3":9.3332968293,"x4":3.1464853588,"x5":5.7233724833,"y":2788.8991768497}
{"x1":9.3527529303,"x2":6.5989962582,"x3":3.7988495521,"x4":6.8570548773,"x5":6.7650742758,"y":2083.3394311075}
{"x1":8.1215209638,"x2":6.7590556504,"x3":4.5770380251,"x4":6.109350241,"x5":7.5283103657,"y":1604.3541795862}
{"x1":2.392792262,"x2":8.4408354075,"x3":8.7648655827,"x4":0.2165099599,"x5":8.0829344191,"y":2382.3884907439}
{"x1":1.973479446,"x2":3.7157458558,"x3":6.5217640301,"x4":8.4500263224,"x5":0.7244809551,"y":1021.1734487236}
{"x1":9.5884392811,"x2":9.7963752379,"x3":2.1809661719,"x4":1.7155438851,"x5":0.1114168687,"y":2936.2024892697}
{"x1":7.36655091,"x2":7.8644660438,"x3":5.065386443,"x4":2.869807105,"x5":6.2760909262,"y":1232.9438944781}
{"x1":1.3470683414,"x2":4.56641311,"x3":8.1584988875,"x4":7.2940800125,"x5":8.7758319802,"y":2054.0032280472}
{"x1":8.3149192066,"x2":9.3993833425,"x3":1.5159844815,"x4":3.2033949088,"x5":0.7298333031,"y":2016.5823526874}
{"x1":6.2457528813,"x2":5.0077003278,"x3":3.1208178037,"x4":6.3837263858,"x5":6.6330082721,"y":688.3304459192}
{"x1":8.0292207963,"x2":6.2880294229,"x3":2.1615240752,"x4":5.3075212749,"x5":1.814960936,"y":884.2906804689}
{"x1":6.5830149409,"x2":4.2564513558,"x3":7.1640065615,"x4":1.0340284784,"x5":8.9481599526,"y":1657.9736534106}
{"x1":8.6297727632,"x2":7.0498604005,"x3":1.1089619313,"x4":3.298908406,"x5":8.1179939739,"y":1877.0772538844}
{"x1":6.181597579,"x2":1.3543679963,"x3":4.3564422408,"x4":8.1413454104,"x5":2.1979513973,"y":853.8508044907}
{"x1":5.740079861,"x2":2.0615028979,"x3":4.7774139419,"x4":3.7762841408,"x5":0.8876921207,"y":142.7307238551}
{"x1":0.0377941453,"x2":5.1540576912,"x3":5.6803771995,"x4":4.6802038966,"x5":9.8411020899,"y":1778.3242515671}
{"x1":3.3695157847,"x2":4.1016944297,"x3":0.1081972056,"x4":3.3818444645,"x5":4.723083367,"y":25.5719329255}
{"x1":9.2962275076,"x2":4.2820816086,"x3":9.2367142127,"x4":2.476252544,"x5":6.10357741,"y":2586.130384404}
{"x1":2.7127660671,"x2":9.4299648327,"x3":9.9548920413,"x4":9.1892771903,"x5":3.3217187567,"y":4110.816262151}
{"x1":0.0788126065,"x2":7.9080756347,"x3":5.7181353183,"x4":5.1051076268,"x5":4.5307873686,"y":785.6197868986}
{"x1":9.4057029984,"x2":7.7697498119,"x3":5.0916828268,"x4":1.4510325742,"x5":4.7344031198,"y":1920.7187085901}
{"x1":8.9816945978,"x2":5.8171206901,"x3":6.4112334488,"x4":4.606046,"x5":8.9353848904,"y":2446.824675361}
{"x1":6.5958600616,"x2":0.9838951532,"x3":3.9867070822,"x4":9.0913299308,"x5":5.5982697704,"y":1460.2840360106}
{"x1":8.5521924508,"x2":6.8319492712,"x3":0.7514028808,"x4":1.9452034749,"x5":1.2099722463,"y":1126.2498957384}
{"x1":3.2599652427,"x2":2.6304157237,"x3":8.1366606383,"x4":8.7800416,"x5":5.4651256175,"y":1693.7566011448}
{"x1":1.9317256064,"x2":9.2406517535,"x3":2.0890006373,"x4":4.4753281355,"x5":5.4830124557,"y":1289.6354737792}
{"x1":3.4687554578,"x2":7.3100120458,"x3":3.3327066436,"x4":6.4167977138,"x5":3.1341758334,"y":598.5206435722}
{"x1":5.2348352222,"x2":1.3951290787,"x3":2.4537386872,"x4":3.1161801998,"x5":8.5420186323,"y":884.857319662}
{"x1":3.1193097597,"x2":6.9499631489,"x3":1.6293934121,"x4":5.321002939,"x5":1.6722248805,"y":373.7943570344}
{"x1":9.3616911335,"x2":9.5045466186,"x3":8.3140651764,"x4":6.4243169836,"x5":5.0808751613,"y":3631.1893039187}
