{"x1":1.1828147796,"x2":6.1242744053,"x3":4.8038829593,"x4":0.3145603705,"x5":3.3419030038,"x6":5.4348913775,"x7":5.1523922832,"x8":2.1237590864,"x9":0.7597293818,"x10":1.7472237944,"x11":4.662927732,"x12":0.9634768147,"x13":7.6226198922,"x14":1.8755582626,"x15":8.5042114992,"x16":0.2068977093,"x17":8.5781230798,"x18":4.9162035872,"x19":8.7071601508,"x20":3.0986791372,"y":868.4182506307}
{"x1":4.6874508483,"x2":9.3892337514,"x3":4.8989836487,"x4":2.2265011342,"x5":0.8710466535,"x6":4.6730713964,"x7":9.7000503709,"x8":2.2458440044,"x9":1.0382324305,"x10":1.7136525132,"x11":8.7751723031,"x12":6.7636650976,"x13":7.6552253219,"x14":6.6931382299,"x15":2.7778575078,"x16":1.7476640452,"x17":3.9677743804,"x18":9.6790580629,"x19":5.5855866375,"x20":6.0787675547,"y":1637.6573890582}
{"x1":7.5243738028,"x2":4.2200520759,"x3":9.344478143,"x4":2.9478885695,"x5":2.2130589956,"x6":8.0120396388,"x7":6.227110007,"x8":3.0928749393,"x9":5.757546605,"x10":4.222290394,"x11":3.5087259953,"x12":8.5795791954,"x13":6.1155199726,"x14":0.8950445075,"x15":5.0530505687,"x16":5.9916213878,"x17":7.0663503234,"x18":9.2874192941,"x19":7.0569164392,"x20":9.6757422504,"y":1809.3646923764}
{"x1":3.6982989354,"x2":4.3401282384,"x3":1.5475601107,"x4":9.7624863843,"x5":8.7672888315,"x6":7.773273745,"x7":4.4853441898,"x8":1.5473267273,"x9":8.8603213745,"x10":7.225523754,"x11":5.614371951,"x12":6.1177346894,"x13":0.2136272978,"x14":6.026280949,"x15":8.1070970748,"x16":3.4534640705,"x17":4.1659173026,"x18":0.3803026301,"x19":0.0194115956,"x20":5.9695595753,"y":1410.8468191225}
{"x1":7.2509807186,"x2":2.9237914692,"x3":4.9240761047,"x4":6.1219719862,"x5":8.5883100531,"x6":2.6484939259,"x7":7.0213479664,"x8":2.9159704609,"x9":4.150922061,"x10":0.7354369031,"x11":4.0786738968,"x12":8.7885862411,"x13":1.7553130153,"x14":5.807317864,"x15":6.3897855019,"x16":6.663259886,"x17":6.8923687003,"x18":8.6908950989,"x19":8.7558719276,"x20":4.2071931387,"y":1372.3131195312}
{"x1":8.6238847087,"x2":4.9044837272,"x3":1.1722632839,"x4":5.2570035202,"x5":2.5777410567,"x6":3.0787687675,"x7":6.9246848156,"x8":7.0463649852,"x9":3.5018679537,"x10":5.3273082342,"x11":9.0317650657,"x12":8.3832970133,"x13":4.0524392985,"x14":6.6201191123,"x15":6.7625910955,"x16":4.0137129715,"x17":8.4094470532,"x18":2.9005249423,"x19":1.4352400016,"x20":8.7808150375,"y":1450.2413575623}
{"x1":4.6143243585,"x2":6.5419940255,"x3":0.9267460908,"x4":7.9359180073,"x5":4.0486297853,"x6":7.0756376827,"x7":9.7994189906,"x8":6.4689880736,"x9":6.7590448521,"x10":9.0901845484,"x11":1.7987523167,"x12":2.7461812924,"x13":4.6301073536,"x14":9.8511756798,"x15":1.4570431398,"x16":9.8578370834,"x17":4.2328100587,"x18":0.4348793508,"x19":2.5962412437,"x20":1.0733309972,"y":1887.1491868409}
{"x1":0.2002727781,"x2":7.8251488957,"x3":6.2175624893,"x4":3.5062639433,"x5":1.7311884969,"x6":6.5123660142,"x7":5.6539353528,"x8":7.7665708395,"x9":7.9043529139,"x10":8.7319514736,"x11":5.3321146262,"x12":6.358886914,"x13":7.1421445555,"x14":6.005416559,"x15":1.7824692344,"x16":5.837121299,"x17":5.4461371092,"x18":3.7342782711,"x19":5.9097627861,"x20":9.2336291515,"y":1364.7362134337}
{"x1":4.6136957772,"x2":3.1982606733,"x3":6.9420798053,"x4":0.138675409,"x5":4.2038492136,"x6":6.9595980317,"x7":0.5112313535,"x8":7.9780337568,"x9":2.0866884465,"x10":6.223124412,"x11":3.9086262574,"x12":5.5757227166,"x13":6.4588223139,"x14":5.690915063,"x15":9.1182257496,"x16":0.878047318,"x17":0.982235513,"x18":8.1504613268,"x19":3.0467567752,"x20":7.1205589707,"y":1009.8577936166}
{"x1":3.9099774413,"x2":6.1843963408,"x3":5.9868495666,"x4":7.7297444406,"x5":3.8425559252,"x6":2.4461045167,"x7":9.1233249503,"x8":4.6539059913,"x9":4.2167035242,"x10":3.2165485249,"x11":8.594723252,"x12":4.2456438174,"x13":9.880021626,"x14":9.3923126028,"x15":6.5038433648,"x16":3.1791354388,"x17":3.1149789263,"x18":4.2560514973,"x19":6.9031957385,"x20":5.1427356892,"y":1590.2565413283}
{"x1":5.8603166115,"x2":2.9886120317,"x3":1.8632096184,"x4":2.9645834345,"x5":8.6287533023,"x6":9.6485811962,"x7":5.54026825,"x8":3.2175859371,"x9":9.571604003,"x10":9.2476744509,"x11":6.2811031474,"x12":5.8672183566,"x13":7.5397448233,"x14":1.3285773272,"x15":0.9779706825,"x16":7.7880940255,"x17":7.6721978203,"x18":6.1527551804,"x19":5.5710791328,"x20":3.0689783116,"y":1805.9730769177}
{"x1":2.7992102634,"x2":5.1494870385,"x3":4.6241785902,"x4":9.3214760391,"x5":9.963157916,"x6":3.7023617448,"x7":7.8582465374,"x8":6.9168167874,"x9":8.2644327935,"x10":9.1026249039,"x11":3.1594990917,"x12":0.7956369318,"x13":2.907599094,"x14":8.2246745939,"x15":9.5591748265,"x16":3.0200793949,"x17":6.5491969114,"x18":0.371635468,"x19":8.9661863796,"x20":0.106691901,"y":2262.6824082809}
{"x1":2.9686889488,"x2":4.1157044203,"x3":2.3445869914,"x4":2.7303197554,"x5":3.8926675971,"x6":0.3261441199,"x7":5.4956996261,"x8":3.3687884095,"x9":8.4029069843,"x10":3.0986387507,"x11":0.7142790727,"x12":1.408535664,"x13":4.8341378885,"x14":6.7172784081,"x15":3.6508006525,"x16":6.8346802834,"x17":9.9352517076,"x18":0.1215369525,"x19":4.8125840095,"x20":7.5540195543,"y":896.3212887321}
{"x1":3.1662095059,"x2":6.3089793343,"x3":7.9670549374,"x4":8.1674326006,"x5":2.8120477983,"x6":0.0210066718,"x7":9.6420227981,"x8":0.29113241,"x9":2.5541997088,"x10":1.7287638695,"x11":0.0578127628,"x12":8.3025506637,"x13":1.3418965633,"x14":9.5047015909,"x15":1.3173826235,"x16":4.3421777962,"x17":1.3727719915,"x18":5.6863376617,"x19":7.0507092138,"x20":4.3517056641,"y":1365.2020030738}
{"x1":2.524055806,"x2":6.2638874763,"x3":8.8604845426,"x4":1.840579684,"x5":9.6175606124,"x6":3.1413499153,"x7":9.738110579,"x8":9.8769334003,"x9":2.4531411134,"x10":7.0589964282,"x11":4.1691785871,"x12":2.8745781822,"x13":2.916670434,"x14":7.9482680518,"x15":5.9735656985,"x16":4.9722089942,"x17":4.0056839096,"x18":5.7748711043,"x19":4.9893922884,"x20":7.2855569909,"y":1845.6198766458}
{"x1":6.7067467411,"x2":2.0402868906,"x3":4.1392816063,"x4":0.7863870862,"x5":8.0240660648,"x6":1.2655335179,"x7":5.1961533875,"x8":3.53476695,"x9":0.7624294327,"x10":2.1708298035,"x11":1.0093700772,"x12":9.4495310317,"x13":4.6751253418,"x14":4.5883656177,"x15":9.507067159,"x16":9.0250702446,"x17":5.5729273114,"x18":1.7116413315,"x19":7.110760765,"x20":9.5906466134,"y":1650.7839354704}
{"x1":8.7634029796,"x2":4.6546817448,"x3":9.5384403623,"x4":8.9557225491,"x5":3.6305641891,"x6":6.4391949815,"x7":2.4610892952,"x8":4.2180008382,"x9":6.4166725944,"x10":3.3005630856,"x11":3.8116022804,"x12":9.0900444514,"x13":6.868288875,"x14":0.4222444965,"x15":5.1573837855,"x16":1.683009732,"x17":1.5403160319,"x18":2.4982462121,"x19":0.3614576602,"x20":7.151366305,"y":1405.884189258}
{"x1":3.5571607335,"x2":6.6458547331,"x3":8.3567500916,"x4":5.6465591659,"x5":4.5597136291,"x6":0.4629190654,"x7":2.0349417226,"x8":4.1684383914,"x9":4.0186385802,"x10":1.1440129705,"x11":0.0565372935,"x12":1.9609544961,"x13":1.4228231102,"x14":8.0388997653,"x15":6.4886566154,"x16":3.8985879545,"x17":2.4792193764,"x18":7.3298255883,"x19":1.9592710348,"x20":6.5285694391,"y":656.7057909499}
{"x1":0.0687136084,"x2":4.4106704999,"x3":0.382787666,"x4":9.9289316496,"x5":6.3875986203,"x6":4.70656081,"x7":6.4524598659,"x8":5.1929451086,"x9":6.6161451627,"x10":9.3344542301,"x11":3.5750672832,"x12":6.4395220266,"x13":4.2225076042,"x14":3.9743348688,"x15":1.3073260253,"x16":6.332731046,"x17":3.9034577518,"x18":6.0441691477,"x19":2.9898599887,"x20":9.2128344519,"y":1357.3126721178}
{"x1":1.9008126402,"x2":5.2726471053,"x3":1.9935584297,"x4":6.3796750379,"x5":5.2363261728,"x6":2.2309059292,"x7":1.5475884349,"x8":3.2017194832,"x9":5.5043530244,"x10":1.7822184666,"x11":6.6876869184,"x12":7.3842858112,"x13":2.6178795741,"x14":5.0946477029,"x15":5.1001857632,"x16":5.3151472243,"x17":7.4521032463,"x18":5.2836040487,"x19":8.725919944,"x20":3.0284814448,"y":674.5653681053}
{"x1":6.1933145792,"x2":6.7253870957,"x3":5.6011320558,"x4":8.3191388387,"x5":0.9779044925,"x6":1.5225365827,"x7":2.9234052962,"x8":7.8699490644,"x9":5.7894729095,"x10":2.927584784,